日期,收盘,涨跌幅,成交量,成交额,PER,PBR,時価総額,営業利益率,ROA,ROE,EPS,开盘,最高,最低
2022-12-30,2750.0,,601100,1653025000.0,22.84971,5.2175465,2958343168.0,-0.818,11.998,19.517,53.83,,,
2023-01-04,2558.0,-6.981818181818178,2721700,6962108600.0,22.84971,5.2175465,2958343168.0,-0.818,11.998,19.517,53.83,,,
2023-01-05,2670.0,4.37842064112588,3519600,9397332000.0,22.84971,5.2175465,2958343168.0,-0.818,11.998,19.517,53.83,,,
2023-01-06,2764.0,3.5205992509363293,8318000,22990952000.0,22.84971,5.2175465,2958343168.0,-0.818,11.998,19.517,53.83,,,
2023-01-10,2556.0,-7.525325615050649,942700,2409541200.0,22.84971,5.2175465,2958343168.0,-0.818,11.998,19.517,53.83,,,
2023-01-11,2475.0,-3.169014084507038,274000,678150000.0,22.84971,5.2175465,2958343168.0,-0.818,11.998,19.517,53.83,,,
2023-01-12,2412.0,-2.5454545454545507,345100,832381200.0,22.84971,5.2175465,2958343168.0,-0.818,11.998,19.517,53.83,,,
2023-01-13,2272.0,-5.804311774461024,157500,357840000.0,22.84971,5.2175465,2958343168.0,-0.818,11.998,19.517,53.83,,,
2023-01-16,2098.0,-7.65845070422535,79200,166161600.0,22.84971,5.2175465,2958343168.0,-0.818,11.998,19.517,53.83,,,
2023-01-17,2070.0,-1.3346043851286904,161300,333891000.0,22.84971,5.2175465,2958343168.0,-0.818,11.998,19.517,53.83,,,
2023-01-18,2043.0,-1.30434782608696,84500,172633500.0,22.84971,5.2175465,2958343168.0,-0.818,11.998,19.517,53.83,,,
2023-01-19,2025.0,-0.8810572687224627,24200,49005000.0,22.84971,5.2175465,2958343168.0,-0.818,11.998,19.517,53.83,,,
2023-01-20,2070.0,2.2222222222222143,33200,68724000.0,22.84971,5.2175465,2958343168.0,-0.818,11.998,19.517,53.83,,,
2023-01-23,2107.0,1.7874396135265649,29700,62577900.0,22.84971,5.2175465,2958343168.0,-0.818,11.998,19.517,53.83,,,
2023-01-24,2010.0,-4.603701945894634,36000,72360000.0,22.84971,5.2175465,2958343168.0,-0.818,11.998,19.517,53.83,,,
2023-01-25,2065.0,2.736318407960203,58200,120183000.0,22.84971,5.2175465,2958343168.0,-0.818,11.998,19.517,53.83,,,
2023-01-26,2055.0,-0.4842615012106588,28500,58567500.0,22.84971,5.2175465,2958343168.0,-0.818,11.998,19.517,53.83,,,
2023-01-27,1971.0,-4.087591240875909,21000,41391000.0,22.84971,5.2175465,2958343168.0,-0.818,11.998,19.517,53.83,,,
2023-01-30,1880.0,-4.616945712836129,39100,73508000.0,22.84971,5.2175465,2958343168.0,-0.818,11.998,19.517,53.83,,,
2023-01-31,1782.0,-5.212765957446807,29200,52034400.0,22.84971,5.2175465,2958343168.0,-0.818,11.998,19.517,53.83,,,
2023-02-01,1762.0,-1.122334455667784,19400,34182800.0,22.84971,5.2175465,2958343168.0,-0.818,11.998,19.517,53.83,,,
2023-02-02,1781.0,1.0783200908059063,17000,30277000.0,22.84971,5.2175465,2958343168.0,-0.818,11.998,19.517,53.83,,,
2023-02-03,1700.0,-4.548006737787757,32700,55590000.0,22.84971,5.2175465,2958343168.0,-0.818,11.998,19.517,53.83,,,
2023-02-06,1877.0,10.411764705882344,118600,222612200.0,22.84971,5.2175465,2958343168.0,-0.818,11.998,19.517,53.83,,,
2023-02-07,1950.0,3.8891848694725617,182000,354900000.0,22.84971,5.2175465,2958343168.0,-0.818,11.998,19.517,53.83,,,
2023-02-08,1832.0,-6.051282051282048,39900,73096800.0,22.84971,5.2175465,2958343168.0,-0.818,11.998,19.517,53.83,,,
2023-02-09,1944.0,6.113537117903922,40600,78926400.0,22.84971,5.2175465,2958343168.0,-0.818,11.998,19.517,53.83,,,
2023-02-10,1758.0,-9.567901234567898,67300,118313400.0,22.84971,5.2175465,2958343168.0,-0.818,11.998,19.517,53.83,,,
2023-02-13,1671.0,-4.948805460750849,33200,55477200.0,22.84971,5.2175465,2958343168.0,-0.818,11.998,19.517,53.83,,,
2023-02-14,1633.0,-2.2740873728306354,27500,44907500.0,22.84971,5.2175465,2958343168.0,-0.818,11.998,19.517,53.83,,,
2023-02-15,1500.0,-8.144519289650953,39100,58650000.0,22.84971,5.2175465,2958343168.0,-0.818,11.998,19.517,53.83,,,
2023-02-16,1506.0,0.4000000000000003,24700,37198200.0,22.84971,5.2175465,2958343168.0,-0.818,11.998,19.517,53.83,,,
2023-02-17,1506.0,0.0,16500,24849000.0,22.84971,5.2175465,2958343168.0,-0.818,11.998,19.517,53.83,,,
2023-02-20,1550.0,2.921646746347939,17200,26660000.0,22.84971,5.2175465,2958343168.0,-0.818,11.998,19.517,53.83,,,
2023-02-21,1521.0,-1.8709677419354809,12300,18708300.0,22.84971,5.2175465,2958343168.0,-0.818,11.998,19.517,53.83,,,
2023-02-22,1455.0,-4.339250493096647,16400,23862000.0,22.84971,5.2175465,2958343168.0,-0.818,11.998,19.517,53.83,,,
2023-02-24,1362.0,-6.391752577319587,31000,42222000.0,22.84971,5.2175465,2958343168.0,-0.818,11.998,19.517,53.83,,,
2023-02-27,1513.0,11.086637298091052,47500,71867500.0,22.84971,5.2175465,2958343168.0,-0.818,11.998,19.517,53.83,,,
2023-02-28,1437.0,-5.023132848645073,22000,31614000.0,22.84971,5.2175465,2958343168.0,-0.818,11.998,19.517,53.83,,,
2023-03-01,1416.0,-1.4613778705636735,10600,15009600.0,22.84971,5.2175465,2958343168.0,-0.818,11.998,19.517,53.83,,,
2023-03-02,1563.0,10.381355932203396,17200,26883600.0,22.84971,5.2175465,2958343168.0,-0.818,11.998,19.517,53.83,,,
2023-03-03,1550.0,-0.8317338451695466,35500,55025000.0,22.84971,5.2175465,2958343168.0,-0.818,11.998,19.517,53.83,,,
2023-03-06,1573.0,1.4838709677419404,18700,29415100.0,22.84971,5.2175465,2958343168.0,-0.818,11.998,19.517,53.83,,,
2023-03-07,1690.0,7.438016528925617,46400,78416000.0,22.84971,5.2175465,2958343168.0,-0.818,11.998,19.517,53.83,,,
2023-03-08,1854.0,9.704142011834316,269600,499838400.0,22.84971,5.2175465,2958343168.0,-0.818,11.998,19.517,53.83,,,
2023-03-09,1830.0,-1.2944983818770184,139200,254736000.0,22.84971,5.2175465,2958343168.0,-0.818,11.998,19.517,53.83,,,
2023-03-10,1731.0,-5.40983606557377,53700,92954700.0,22.84971,5.2175465,2958343168.0,-0.818,11.998,19.517,53.83,,,
2023-03-13,1676.0,-3.1773541305603725,35400,59330400.0,22.84971,5.2175465,2958343168.0,-0.818,11.998,19.517,53.83,,,
2023-03-14,1594.0,-4.892601431980904,23600,37618400.0,22.84971,5.2175465,2958343168.0,-0.818,11.998,19.517,53.83,,,
2023-03-15,1580.0,-0.8782936010037656,16900,26702000.0,22.84971,5.2175465,2958343168.0,-0.818,11.998,19.517,53.83,,,
2023-03-16,1491.0,-5.63291139240506,23500,35038500.0,22.84971,5.2175465,2958343168.0,-0.818,11.998,19.517,53.83,,,
2023-03-17,1651.0,10.731052984574108,79000,130429000.0,22.84971,5.2175465,2958343168.0,-0.818,11.998,19.517,53.83,,,
2023-03-20,1584.0,-4.058146577831612,16700,26452800.0,22.84971,5.2175465,2958343168.0,-0.818,11.998,19.517,53.83,,,
2023-03-22,1596.0,0.7575757575757569,11500,18354000.0,22.84971,5.2175465,2958343168.0,-0.818,11.998,19.517,53.83,,,
2023-03-23,1655.0,3.696741854636598,11200,18536000.0,22.84971,5.2175465,2958343168.0,-0.818,11.998,19.517,53.83,,,
2023-03-24,1700.0,2.719033232628409,12100,20570000.0,22.84971,5.2175465,2958343168.0,-0.818,11.998,19.517,53.83,,,
2023-03-27,1630.0,-4.117647058823525,14700,23961000.0,22.84971,5.2175465,2958343168.0,-0.818,11.998,19.517,53.83,,,
2023-03-28,1656.0,1.595092024539868,22300,36928800.0,22.84971,5.2175465,2958343168.0,-0.818,11.998,19.517,53.83,,,
2023-03-29,1661.0,0.3019323671497487,19600,32555600.0,22.84971,5.2175465,2958343168.0,-0.818,11.998,19.517,53.83,,,
2023-03-30,1604.0,-3.4316676700782645,17500,28070000.0,22.84971,5.2175465,2958343168.0,-0.818,11.998,19.517,53.83,,,
2023-03-31,1587.0,-1.0598503740648413,10300,16346100.0,22.84971,5.2175465,2958343168.0,-0.818,11.998,19.517,53.83,,,
2023-04-03,1538.0,-3.0875866414618813,35600,54752800.0,22.84971,5.2175465,2958343168.0,-0.818,11.998,19.517,53.83,,,
2023-04-04,1508.0,-1.950585175552666,13200,19905600.0,22.84971,5.2175465,2958343168.0,-0.818,11.998,19.517,53.83,,,
2023-04-05,1412.0,-6.366047745358094,22300,31487600.0,22.84971,5.2175465,2958343168.0,-0.818,11.998,19.517,53.83,,,
2023-04-06,1420.0,0.56657223796035,16200,23004000.0,22.84971,5.2175465,2958343168.0,-0.818,11.998,19.517,53.83,,,
2023-04-07,1400.0,-1.4084507042253502,17200,24080000.0,22.84971,5.2175465,2958343168.0,-0.818,11.998,19.517,53.83,,,
2023-04-10,1420.0,1.4285714285714235,9600,13632000.0,22.84971,5.2175465,2958343168.0,-0.818,11.998,19.517,53.83,,,
2023-04-11,1426.0,0.422535211267605,17300,24669800.0,22.84971,5.2175465,2958343168.0,-0.818,11.998,19.517,53.83,,,
2023-04-12,1397.0,-2.0336605890603043,13100,18300700.0,22.84971,5.2175465,2958343168.0,-0.818,11.998,19.517,53.83,,,
2023-04-13,1425.0,2.004294917680749,10700,15247500.0,22.84971,5.2175465,2958343168.0,-0.818,11.998,19.517,53.83,,,
2023-04-14,1388.0,-2.596491228070174,11800,16378400.0,22.84971,5.2175465,2958343168.0,-0.818,11.998,19.517,53.83,,,
2023-04-17,1390.0,0.1440922190201643,6400,8896000.0,22.84971,5.2175465,2958343168.0,-0.818,11.998,19.517,53.83,,,
2023-04-18,1404.0,1.0071942446043147,4000,5616000.0,22.84971,5.2175465,2958343168.0,-0.818,11.998,19.517,53.83,,,
2023-04-19,1414.0,0.7122507122507171,7100,10039400.0,22.84971,5.2175465,2958343168.0,-0.818,11.998,19.517,53.83,,,
2023-04-20,1381.0,-2.333804809052331,3900,5385900.0,22.84971,5.2175465,2958343168.0,-0.818,11.998,19.517,53.83,,,
2023-04-21,1281.0,-7.241129616220132,27100,34715100.0,22.84971,5.2175465,2958343168.0,-0.818,11.998,19.517,53.83,,,
2023-04-24,1270.0,-0.8587041373926629,6200,7874000.0,22.84971,5.2175465,2958343168.0,-0.818,11.998,19.517,53.83,,,
2023-04-25,1271.0,0.0787401574803059,13700,17412700.0,22.84971,5.2175465,2958343168.0,-0.818,11.998,19.517,53.83,,,
2023-04-26,1215.0,-4.405979543666405,6200,7533000.0,22.84971,5.2175465,2958343168.0,-0.818,11.998,19.517,53.83,,,
2023-04-27,1191.0,-1.975308641975304,9500,11314500.0,22.84971,5.2175465,2958343168.0,-0.818,11.998,19.517,53.83,,,
2023-04-28,1233.0,3.5264483627204024,3200,3945600.0,22.84971,5.2175465,2958343168.0,-0.818,11.998,19.517,53.83,,,
2023-05-01,1232.0,-0.0811030008110336,3300,4065600.0,22.84971,5.2175465,2958343168.0,-0.818,11.998,19.517,53.83,,,
2023-05-02,1233.0,0.0811688311688207,3900,4808700.0,22.84971,5.2175465,2958343168.0,-0.818,11.998,19.517,53.83,,,
2023-05-08,1359.0,10.21897810218979,18000,24462000.0,22.84971,5.2175465,2958343168.0,-0.818,11.998,19.517,53.83,,,
2023-05-09,1319.0,-2.943340691685059,6600,8705400.0,22.84971,5.2175465,2958343168.0,-0.818,11.998,19.517,53.83,,,
2023-05-10,1480.0,12.206216830932526,78700,116476000.0,22.84971,5.2175465,2958343168.0,-0.818,11.998,19.517,53.83,,,
2023-05-11,1312.0,-11.351351351351347,87700,115062400.0,22.84971,5.2175465,2958343168.0,-0.818,11.998,19.517,53.83,,,
2023-05-12,1225.0,-6.631097560975608,34900,42752500.0,22.84971,5.2175465,2958343168.0,-0.818,11.998,19.517,53.83,,,
2023-05-15,1262.0,3.020408163265298,35000,44170000.0,22.84971,5.2175465,2958343168.0,-0.818,11.998,19.517,53.83,,,
2023-05-16,1204.0,-4.595879556259908,12600,15170400.0,22.84971,5.2175465,2958343168.0,-0.818,11.998,19.517,53.83,,,
2023-05-17,1216.0,0.9966777408637828,5900,7174400.0,22.84971,5.2175465,2958343168.0,-0.818,11.998,19.517,53.83,,,
2023-05-18,1168.0,-3.9473684210526327,10700,12497600.0,22.84971,5.2175465,2958343168.0,-0.818,11.998,19.517,53.83,,,
2023-05-19,1178.0,0.8561643835616417,6000,7068000.0,22.84971,5.2175465,2958343168.0,-0.818,11.998,19.517,53.83,,,
2023-05-22,1194.0,1.35823429541595,5000,5970000.0,22.84971,5.2175465,2958343168.0,-0.818,11.998,19.517,53.83,,,
2023-05-23,1181.0,-1.0887772194304812,6200,7322200.0,22.84971,5.2175465,2958343168.0,-0.818,11.998,19.517,53.83,,,
2023-05-24,1222.0,3.471634208298058,2700,3299400.0,22.84971,5.2175465,2958343168.0,-0.818,11.998,19.517,53.83,,,
2023-05-25,1230.0,0.654664484451728,7200,8856000.0,22.84971,5.2175465,2958343168.0,-0.818,11.998,19.517,53.83,,,
2023-05-26,1218.0,-0.9756097560975618,3600,4384800.0,22.84971,5.2175465,2958343168.0,-0.818,11.998,19.517,53.83,,,
2023-05-29,1211.0,-0.5747126436781658,2200,2664200.0,22.84971,5.2175465,2958343168.0,-0.818,11.998,19.517,53.83,,,
2023-05-30,1229.0,1.4863748967795187,2900,3564100.0,22.84971,5.2175465,2958343168.0,-0.818,11.998,19.517,53.83,,,
2023-05-31,1226.0,-0.2441008950366141,7400,9072400.0,22.84971,5.2175465,2958343168.0,-0.818,11.998,19.517,53.83,,,
2023-06-01,1224.0,-0.1631321370309968,3700,4528800.0,22.84971,5.2175465,2958343168.0,-0.818,11.998,19.517,53.83,,,
2023-06-02,1231.0,0.5718954248365993,2700,3323700.0,22.84971,5.2175465,2958343168.0,-0.818,11.998,19.517,53.83,,,
2023-06-05,1250.0,1.543460601137281,8500,10625000.0,22.84971,5.2175465,2958343168.0,-0.818,11.998,19.517,53.83,,,
2023-06-06,1350.0,8.000000000000007,20600,27810000.0,22.84971,5.2175465,2958343168.0,-0.818,11.998,19.517,53.83,,,
2023-06-07,1321.0,-2.1481481481481435,20100,26552100.0,22.84971,5.2175465,2958343168.0,-0.818,11.998,19.517,53.83,,,
2023-06-08,1290.0,-2.346707040121121,11400,14706000.0,22.84971,5.2175465,2958343168.0,-0.818,11.998,19.517,53.83,,,
2023-06-09,1325.0,2.713178294573648,9100,12057500.0,22.84971,5.2175465,2958343168.0,-0.818,11.998,19.517,53.83,,,
2023-06-12,1311.0,-1.0566037735849076,8700,11405700.0,22.84971,5.2175465,2958343168.0,-0.818,11.998,19.517,53.83,,,
2023-06-13,1296.0,-1.1441647597253968,6200,8035200.0,22.84971,5.2175465,2958343168.0,-0.818,11.998,19.517,53.83,,,
2023-06-14,1274.0,-1.6975308641975273,6900,8790600.0,22.84971,5.2175465,2958343168.0,-0.818,11.998,19.517,53.83,,,
2023-06-15,1327.0,4.160125588697028,15100,20037700.0,22.84971,5.2175465,2958343168.0,-0.818,11.998,19.517,53.83,,,
2023-06-16,1421.0,7.083647324792763,22900,32540900.0,22.84971,5.2175465,2958343168.0,-0.818,11.998,19.517,53.83,,,
2023-06-19,1399.0,-1.5482054890921917,17300,24202700.0,22.84971,5.2175465,2958343168.0,-0.818,11.998,19.517,53.83,,,
2023-06-20,1384.0,-1.0721944245889905,12600,17438400.0,22.84971,5.2175465,2958343168.0,-0.818,11.998,19.517,53.83,,,
2023-06-21,1385.0,0.0722543352601245,5700,7894500.0,22.84971,5.2175465,2958343168.0,-0.818,11.998,19.517,53.83,,,
2023-06-22,1439.0,3.898916967509036,14700,21153300.0,22.84971,5.2175465,2958343168.0,-0.818,11.998,19.517,53.83,,,
2023-06-23,1527.0,6.115357887421813,38200,58331400.0,22.84971,5.2175465,2958343168.0,-0.818,11.998,19.517,53.83,,,
2023-06-26,1500.0,-1.7681728880157177,19300,28950000.0,22.84971,5.2175465,2958343168.0,-0.818,11.998,19.517,53.83,,,
2023-06-27,1482.0,-1.200000000000001,20800,30825600.0,22.84971,5.2175465,2958343168.0,-0.818,11.998,19.517,53.83,,,
2023-06-28,1500.0,1.2145748987854257,13500,20250000.0,22.84971,5.2175465,2958343168.0,-0.818,11.998,19.517,53.83,,,
2023-06-29,1512.0,0.8000000000000007,18500,27972000.0,22.84971,5.2175465,2958343168.0,-0.818,11.998,19.517,53.83,,,
2023-06-30,1560.0,3.174603174603185,15600,24336000.0,22.84971,5.2175465,2958343168.0,-0.818,11.998,19.517,53.83,,,
2023-07-03,1643.0,5.320512820512824,44100,72456300.0,22.84971,5.2175465,2958343168.0,-0.818,11.998,19.517,53.83,,,
2023-07-04,1638.0,-0.3043213633597053,21300,34889400.0,22.84971,5.2175465,2958343168.0,-0.818,11.998,19.517,53.83,,,
2023-07-05,1650.0,0.73260073260073,22000,36300000.0,22.84971,5.2175465,2958343168.0,-0.818,11.998,19.517,53.83,,,
2023-07-06,1547.0,-6.242424242424239,35500,54918500.0,22.84971,5.2175465,2958343168.0,-0.818,11.998,19.517,53.83,,,
2023-07-07,1485.0,-4.007756948933416,25600,38016000.0,22.84971,5.2175465,2958343168.0,-0.818,11.998,19.517,53.83,,,
2023-07-10,1450.0,-2.3569023569023573,19400,28130000.0,22.84971,5.2175465,2958343168.0,-0.818,11.998,19.517,53.83,,,
2023-07-11,1460.0,0.6896551724137945,16000,23360000.0,22.84971,5.2175465,2958343168.0,-0.818,11.998,19.517,53.83,,,
2023-07-12,1376.0,-5.753424657534245,23400,32198400.0,22.84971,5.2175465,2958343168.0,-0.818,11.998,19.517,53.83,,,
2023-07-13,1400.0,1.744186046511631,12100,16940000.0,22.84971,5.2175465,2958343168.0,-0.818,11.998,19.517,53.83,,,
2023-07-14,1404.0,0.2857142857142891,16200,22744800.0,22.84971,5.2175465,2958343168.0,-0.818,11.998,19.517,53.83,,,
2023-07-18,1330.0,-5.270655270655267,17200,22876000.0,22.84971,5.2175465,2958343168.0,-0.818,11.998,19.517,53.83,,,
2023-07-19,1345.0,1.1278195488721776,7300,9818500.0,22.84971,5.2175465,2958343168.0,-0.818,11.998,19.517,53.83,,,
2023-07-20,1645.0,22.304832713754653,132000,217140000.0,22.84971,5.2175465,2958343168.0,-0.818,11.998,19.517,53.83,,,
2023-07-21,1858.0,12.948328267477203,2091600,3886192800.0,22.84971,5.2175465,2958343168.0,-0.818,11.998,19.517,53.83,,,
2023-07-24,1748.0,-5.920344456404736,789400,1379871200.0,22.84971,5.2175465,2958343168.0,-0.818,11.998,19.517,53.83,,,
2023-07-25,2148.0,22.883295194508,1069100,2296426800.0,22.84971,5.2175465,2958343168.0,-0.818,11.998,19.517,53.83,,,
2023-07-26,1792.0,-16.573556797020483,1206300,2161689600.0,22.84971,5.2175465,2958343168.0,-0.818,11.998,19.517,53.83,,,
2023-07-27,1768.0,-1.3392857142857095,2803300,4956234400.0,22.84971,5.2175465,2958343168.0,-0.818,11.998,19.517,53.83,,,
2023-07-28,1876.0,6.108597285067874,1102300,2067914800.0,22.84971,5.2175465,2958343168.0,-0.818,11.998,19.517,53.83,,,
2023-07-31,1934.0,3.091684434968012,2666300,5156624200.0,22.84971,5.2175465,2958343168.0,-0.818,11.998,19.517,53.83,,,
2023-08-01,1894.0,-2.0682523267838704,393600,745478400.0,22.84971,5.2175465,2958343168.0,-0.818,11.998,19.517,53.83,,,
2023-08-02,1765.0,-6.810982048574443,653000,1152545000.0,22.84971,5.2175465,2958343168.0,-0.818,11.998,19.517,53.83,,,
2023-08-03,1663.0,-5.779036827195472,177100,294517300.0,22.84971,5.2175465,2958343168.0,-0.818,11.998,19.517,53.83,,,
2023-08-04,1695.0,1.9242333132892364,111100,188314500.0,22.84971,5.2175465,2958343168.0,-0.818,11.998,19.517,53.83,,,
2023-08-07,1701.0,0.3539823008849474,89400,152069400.0,22.84971,5.2175465,2958343168.0,-0.818,11.998,19.517,53.83,,,
2023-08-08,1671.0,-1.763668430335097,92000,153732000.0,22.84971,5.2175465,2958343168.0,-0.818,11.998,19.517,53.83,,,
2023-08-09,1657.0,-0.8378216636744429,45200,74896400.0,22.84971,5.2175465,2958343168.0,-0.818,11.998,19.517,53.83,,,
2023-08-10,1658.0,0.0603500301750159,71400,118381200.0,22.84971,5.2175465,2958343168.0,-0.818,11.998,19.517,53.83,,,
2023-08-14,1550.0,-6.513872135102538,35600,55180000.0,22.84971,5.2175465,2958343168.0,-0.818,11.998,19.517,53.83,,,
2023-08-15,1536.0,-0.903225806451613,23900,36710400.0,22.84971,5.2175465,2958343168.0,-0.818,11.998,19.517,53.83,,,
2023-08-16,1571.0,2.278645833333326,43500,68338500.0,22.84971,5.2175465,2958343168.0,-0.818,11.998,19.517,53.83,,,
2023-08-17,1630.0,3.755569700827488,86300,140669000.0,22.84971,5.2175465,2958343168.0,-0.818,11.998,19.517,53.83,,,
2023-08-18,1636.0,0.3680981595092003,23400,38282400.0,22.84971,5.2175465,2958343168.0,-0.818,11.998,19.517,53.83,,,
2023-08-21,1648.0,0.7334963325183352,13700,22577600.0,22.84971,5.2175465,2958343168.0,-0.818,11.998,19.517,53.83,,,
2023-08-22,1649.0,0.0606796116504826,15600,25724400.0,22.84971,5.2175465,2958343168.0,-0.818,11.998,19.517,53.83,,,
2023-08-23,1691.0,2.546998180715576,47900,80998900.0,22.84971,5.2175465,2958343168.0,-0.818,11.998,19.517,53.83,,,
2023-08-24,2086.0,23.35895919574216,1024200,2136481200.0,22.84971,5.2175465,2958343168.0,-0.818,11.998,19.517,53.83,,,
2023-08-25,1890.0,-9.395973154362414,306600,579474000.0,22.84971,5.2175465,2958343168.0,-0.818,11.998,19.517,53.83,,,
2023-08-28,1818.0,-3.809523809523807,83300,151439400.0,22.84971,5.2175465,2958343168.0,-0.818,11.998,19.517,53.83,,,
2023-08-29,1838.0,1.1001100110010986,70800,130130400.0,22.84971,5.2175465,2958343168.0,-0.818,11.998,19.517,53.83,,,
2023-08-30,1823.0,-0.8161044613710589,33100,60341300.0,22.84971,5.2175465,2958343168.0,-0.818,11.998,19.517,53.83,,,
2023-08-31,1946.0,6.74712013165113,123400,240136400.0,22.84971,5.2175465,2958343168.0,-0.818,11.998,19.517,53.83,,,
2023-09-01,1944.0,-0.1027749229188024,83800,162907200.0,22.84971,5.2175465,2958343168.0,-0.818,11.998,19.517,53.83,,,
2023-09-04,1961.0,0.8744855967078191,53500,104913500.0,22.84971,5.2175465,2958343168.0,-0.818,11.998,19.517,53.83,,,
2023-09-05,2042.0,4.13054563997961,86500,176633000.0,22.84971,5.2175465,2958343168.0,-0.818,11.998,19.517,53.83,,,
2023-09-06,2088.0,2.252693437806075,91300,190634400.0,22.84971,5.2175465,2958343168.0,-0.818,11.998,19.517,53.83,,,
2023-09-07,1969.0,-5.699233716475094,99500,195915500.0,22.84971,5.2175465,2958343168.0,-0.818,11.998,19.517,53.83,,,
2023-09-08,1902.0,-3.402742508887757,36300,69042600.0,22.84971,5.2175465,2958343168.0,-0.818,11.998,19.517,53.83,,,
2023-09-11,1829.0,-3.83806519453207,106700,195154300.0,22.84971,5.2175465,2958343168.0,-0.818,11.998,19.517,53.83,,,
2023-09-12,1829.0,0.0,38500,70416500.0,22.84971,5.2175465,2958343168.0,-0.818,11.998,19.517,53.83,,,
2023-09-13,1906.0,4.209950792782946,43600,83101600.0,22.84971,5.2175465,2958343168.0,-0.818,11.998,19.517,53.83,,,
2023-09-14,1851.0,-2.885624344176285,27000,49977000.0,22.84971,5.2175465,2958343168.0,-0.818,11.998,19.517,53.83,,,
2023-09-15,1811.0,-2.160994057266341,28900,52337900.0,22.84971,5.2175465,2958343168.0,-0.818,11.998,19.517,53.83,,,
2023-09-19,1773.0,-2.098288238542245,32900,58331700.0,22.84971,5.2175465,2958343168.0,-0.818,11.998,19.517,53.83,,,
2023-09-20,1789.0,0.9024252679074918,41500,74243500.0,22.84971,5.2175465,2958343168.0,-0.818,11.998,19.517,53.83,,,
2023-09-21,1731.0,-3.2420346562325286,30900,53487900.0,22.84971,5.2175465,2958343168.0,-0.818,11.998,19.517,53.83,,,
2023-09-22,1768.0,2.1374927787406017,32800,57990400.0,22.84971,5.2175465,2958343168.0,-0.818,11.998,19.517,53.83,,,
2023-09-25,1810.0,2.37556561085972,23000,41630000.0,22.84971,5.2175465,2958343168.0,-0.818,11.998,19.517,53.83,,,
2023-09-26,1819.0,0.4972375690607711,13400,24374600.0,22.84971,5.2175465,2958343168.0,-0.818,11.998,19.517,53.83,,,
2023-09-27,1842.0,1.264431006047273,13800,25419600.0,22.84971,5.2175465,2958343168.0,-0.818,11.998,19.517,53.83,,,
2023-09-28,1836.0,-0.3257328990228014,10500,19278000.0,22.84971,5.2175465,2958343168.0,-0.818,11.998,19.517,53.83,,,
2023-09-29,1792.0,-2.3965141612200425,16300,29209600.0,22.84971,5.2175465,2958343168.0,-0.818,11.998,19.517,53.83,,,
2023-10-02,1752.0,-2.2321428571428603,13600,23827200.0,22.84971,5.2175465,2958343168.0,-0.818,11.998,19.517,53.83,,,
2023-10-03,1662.0,-5.136986301369861,36500,60663000.0,22.84971,5.2175465,2958343168.0,-0.818,11.998,19.517,53.83,,,
2023-10-04,1587.0,-4.512635379061369,37700,59829900.0,22.84971,5.2175465,2958343168.0,-0.818,11.998,19.517,53.83,,,
2023-10-05,1650.0,3.969754253308122,7500,12375000.0,22.84971,5.2175465,2958343168.0,-0.818,11.998,19.517,53.83,,,
2023-10-06,1727.0,4.666666666666663,4800,8289600.0,22.84971,5.2175465,2958343168.0,-0.818,11.998,19.517,53.83,,,
2023-10-10,1731.0,0.2316155182397139,9300,16098300.0,22.84971,5.2175465,2958343168.0,-0.818,11.998,19.517,53.83,,,
2023-10-11,1675.0,-3.235124205661466,6800,11390000.0,22.84971,5.2175465,2958343168.0,-0.818,11.998,19.517,53.83,,,
2023-10-12,1656.0,-1.134328358208958,3300,5464800.0,22.84971,5.2175465,2958343168.0,-0.818,11.998,19.517,53.83,,,
2023-10-13,1577.0,-4.770531400966183,10700,16873900.0,22.84971,5.2175465,2958343168.0,-0.818,11.998,19.517,53.83,,,
2023-10-16,1486.0,-5.7704502219403935,15400,22884400.0,22.84971,5.2175465,2958343168.0,-0.818,11.998,19.517,53.83,,,
2023-10-17,1522.0,2.4226110363391617,25100,38202200.0,22.84971,5.2175465,2958343168.0,-0.818,11.998,19.517,53.83,,,
2023-10-18,1545.0,1.5111695137976389,3100,4789500.0,22.84971,5.2175465,2958343168.0,-0.818,11.998,19.517,53.83,,,
2023-10-19,1531.0,-0.9061488673139162,9200,14085200.0,22.84971,5.2175465,2958343168.0,-0.818,11.998,19.517,53.83,,,
2023-10-20,1484.0,-3.0698889614630964,9600,14246400.0,22.84971,5.2175465,2958343168.0,-0.818,11.998,19.517,53.83,,,
2023-10-23,1378.0,-7.14285714285714,17500,24115000.0,22.84971,5.2175465,2958343168.0,-0.818,11.998,19.517,53.83,,,
2023-10-24,1496.0,8.563134978229314,21600,32313600.0,22.84971,5.2175465,2958343168.0,-0.818,11.998,19.517,53.83,,,
2023-10-25,1440.0,-3.743315508021394,7300,10512000.0,22.84971,5.2175465,2958343168.0,-0.818,11.998,19.517,53.83,,,
2023-10-26,1415.0,-1.736111111111116,8800,12452000.0,22.84971,5.2175465,2958343168.0,-0.818,11.998,19.517,53.83,,,
2023-10-27,1500.0,6.0070671378091856,11000,16500000.0,22.84971,5.2175465,2958343168.0,-0.818,11.998,19.517,53.83,,,
2023-10-30,1472.0,-1.866666666666672,5400,7948800.0,22.84971,5.2175465,2958343168.0,-0.818,11.998,19.517,53.83,,,
2023-10-31,1518.0,3.125,1400,2125200.0,22.84971,5.2175465,2958343168.0,-0.818,11.998,19.517,53.83,,,
2023-11-01,1550.0,2.108036890645581,4600,7130000.0,22.84971,5.2175465,2958343168.0,-0.818,11.998,19.517,53.83,,,
2023-11-02,1585.0,2.2580645161290214,1300,2060500.0,22.84971,5.2175465,2958343168.0,-0.818,11.998,19.517,53.83,,,
2023-11-06,1649.0,4.037854889589898,5600,9234400.0,22.84971,5.2175465,2958343168.0,-0.818,11.998,19.517,53.83,,,
2023-11-07,1660.0,0.6670709520921747,8800,14608000.0,22.84971,5.2175465,2958343168.0,-0.818,11.998,19.517,53.83,,,
2023-11-08,1557.0,-6.204819277108431,13200,20552400.0,22.84971,5.2175465,2958343168.0,-0.818,11.998,19.517,53.83,,,
2023-11-09,1552.0,-0.3211303789338426,6900,10708800.0,22.84971,5.2175465,2958343168.0,-0.818,11.998,19.517,53.83,,,
2023-11-10,1380.0,-11.082474226804129,40900,56442000.0,22.84971,5.2175465,2958343168.0,-0.818,11.998,19.517,53.83,,,
2023-11-13,1411.0,2.2463768115942084,9800,13827800.0,22.84971,5.2175465,2958343168.0,-0.818,11.998,19.517,53.83,,,
2023-11-14,1318.0,-6.591070163004964,18200,23987600.0,22.84971,5.2175465,2958343168.0,-0.818,11.998,19.517,53.83,,,
2023-11-15,1314.0,-0.3034901365705611,10200,13402800.0,22.84971,5.2175465,2958343168.0,-0.818,11.998,19.517,53.83,,,
2023-11-16,1316.0,0.1522070015220755,2100,2763600.0,22.84971,5.2175465,2958343168.0,-0.818,11.998,19.517,53.83,,,
2023-11-17,1319.0,0.2279635258358725,2100,2769900.0,22.84971,5.2175465,2958343168.0,-0.818,11.998,19.517,53.83,,,
2023-11-20,1403.0,6.368460955269151,13200,18519600.0,22.84971,5.2175465,2958343168.0,-0.818,11.998,19.517,53.83,,,
2023-11-21,1361.0,-2.9935851746258013,4100,5580100.0,22.84971,5.2175465,2958343168.0,-0.818,11.998,19.517,53.83,,,
2023-11-22,1360.0,-0.0734753857457803,1500,2040000.0,22.84971,5.2175465,2958343168.0,-0.818,11.998,19.517,53.83,,,
2023-11-24,1356.0,-0.2941176470588225,17700,24001200.0,22.84971,5.2175465,2958343168.0,-0.818,11.998,19.517,53.83,,,
2023-11-27,1338.0,-1.327433628318586,8100,10837800.0,22.84971,5.2175465,2958343168.0,-0.818,11.998,19.517,53.83,,,
2023-11-28,1306.0,-2.391629297458897,8600,11231600.0,22.84971,5.2175465,2958343168.0,-0.818,11.998,19.517,53.83,,,
2023-11-29,1306.0,0.0,3800,4962800.0,22.84971,5.2175465,2958343168.0,-0.818,11.998,19.517,53.83,,,
2023-11-30,1282.0,-1.8376722817764144,8700,11153400.0,22.84971,5.2175465,2958343168.0,-0.818,11.998,19.517,53.83,,,
2023-12-01,1250.0,-2.49609984399376,3500,4375000.0,22.84971,5.2175465,2958343168.0,-0.818,11.998,19.517,53.83,,,
2023-12-04,1309.0,4.719999999999991,5700,7461300.0,22.84971,5.2175465,2958343168.0,-0.818,11.998,19.517,53.83,,,
2023-12-05,1274.0,-2.67379679144385,2800,3567200.0,22.84971,5.2175465,2958343168.0,-0.818,11.998,19.517,53.83,,,
2023-12-06,1231.0,-3.375196232339095,6700,8247700.0,22.84971,5.2175465,2958343168.0,-0.818,11.998,19.517,53.83,,,
2023-12-07,1208.0,-1.868399675060928,7300,8818400.0,22.84971,5.2175465,2958343168.0,-0.818,11.998,19.517,53.83,,,
2023-12-08,1174.0,-2.814569536423839,11400,13383600.0,22.84971,5.2175465,2958343168.0,-0.818,11.998,19.517,53.83,,,
2023-12-11,1169.0,-0.4258943781942026,4100,4792900.0,22.84971,5.2175465,2958343168.0,-0.818,11.998,19.517,53.83,,,
2023-12-12,1127.0,-3.59281437125748,9300,10481100.0,22.84971,5.2175465,2958343168.0,-0.818,11.998,19.517,53.83,,,
2023-12-13,1113.0,-1.2422360248447228,11400,12688200.0,22.84971,5.2175465,2958343168.0,-0.818,11.998,19.517,53.83,,,
2023-12-14,1077.0,-3.234501347708896,11800,12708600.0,22.84971,5.2175465,2958343168.0,-0.818,11.998,19.517,53.83,,,
2023-12-15,1130.0,4.921077065923862,11500,12995000.0,22.84971,5.2175465,2958343168.0,-0.818,11.998,19.517,53.83,,,
2023-12-18,1188.0,5.132743362831849,4500,5346000.0,22.84971,5.2175465,2958343168.0,-0.818,11.998,19.517,53.83,,,
2023-12-19,1241.0,4.461279461279455,23300,28915300.0,22.84971,5.2175465,2958343168.0,-0.818,11.998,19.517,53.83,,,
2023-12-20,1237.0,-0.3223207091055613,16200,20039400.0,22.84971,5.2175465,2958343168.0,-0.818,11.998,19.517,53.83,,,
2023-12-21,1249.0,0.9700889248181132,22600,28227400.0,22.84971,5.2175465,2958343168.0,-0.818,11.998,19.517,53.83,,,
2023-12-22,1157.0,-7.36589271417134,12300,14231100.0,22.84971,5.2175465,2958343168.0,-0.818,11.998,19.517,53.83,,,
2023-12-25,1377.0,19.014693171996534,123400,169921800.0,22.84971,5.2175465,2958343168.0,-0.818,11.998,19.517,53.83,,,
2023-12-26,1280.0,-7.044299201161941,46700,59776000.0,22.84971,5.2175465,2958343168.0,-0.818,11.998,19.517,53.83,,,
2023-12-27,1360.0,6.25,26900,36584000.0,22.84971,5.2175465,2958343168.0,-0.818,11.998,19.517,53.83,,,
2023-12-28,1393.0,2.426470588235285,22700,31621100.0,22.84971,5.2175465,2958343168.0,-0.818,11.998,19.517,53.83,,,
2023-12-29,1423.0,2.153625269203152,29700,42263100.0,22.84971,5.2175465,2958343168.0,-0.818,11.998,19.517,53.83,,,
2024-01-04,1394.0,-2.037947997189038,20400,28437600.0,22.84971,5.2175465,2958343168.0,-0.818,11.998,19.517,53.83,,,
2024-01-05,1328.0,-4.734576757532283,14100,18724800.0,22.84971,5.2175465,2958343168.0,-0.818,11.998,19.517,53.83,,,
2024-01-09,1407.0,5.948795180722888,293900,413517300.0,22.84971,5.2175465,2958343168.0,-0.818,11.998,19.517,53.83,,,
2024-01-10,1407.0,0.0,68200,95957400.0,22.84971,5.2175465,2958343168.0,-0.818,11.998,19.517,53.83,,,
2024-01-11,1348.0,-4.193319118692251,37000,49876000.0,22.84971,5.2175465,2958343168.0,-0.818,11.998,19.517,53.83,,,
2024-01-12,1313.0,-2.596439169139464,19900,26128700.0,22.84971,5.2175465,2958343168.0,-0.818,11.998,19.517,53.83,,,
2024-01-15,1304.0,-0.6854531607006886,1200,1564800.0,22.84971,5.2175465,2958343168.0,-0.818,11.998,19.517,53.83,,,
2024-01-16,1231.0,-5.59815950920245,10800,13294800.0,22.84971,5.2175465,2958343168.0,-0.818,11.998,19.517,53.83,,,
2024-01-17,1224.0,-0.5686433793663737,7800,9547200.0,22.84971,5.2175465,2958343168.0,-0.818,11.998,19.517,53.83,,,
2024-01-18,1230.0,0.4901960784313708,3100,3813000.0,22.84971,5.2175465,2958343168.0,-0.818,11.998,19.517,53.83,,,
2024-01-19,1218.0,-0.9756097560975618,4300,5237400.0,22.84971,5.2175465,2958343168.0,-0.818,11.998,19.517,53.83,,,
2024-01-22,1255.0,3.03776683087027,6400,8032000.0,22.84971,5.2175465,2958343168.0,-0.818,11.998,19.517,53.83,,,
2024-01-23,1281.0,2.071713147410348,7500,9607500.0,22.84971,5.2175465,2958343168.0,-0.818,11.998,19.517,53.83,,,
2024-01-24,1270.0,-0.8587041373926629,5300,6731000.0,22.84971,5.2175465,2958343168.0,-0.818,11.998,19.517,53.83,,,
2024-01-25,1242.0,-2.2047244094488216,11600,14407200.0,22.84971,5.2175465,2958343168.0,-0.818,11.998,19.517,53.83,,,
2024-01-26,1245.0,0.2415458937198078,4800,5976000.0,22.84971,5.2175465,2958343168.0,-0.818,11.998,19.517,53.83,,,
2024-01-29,1257.0,0.9638554216867544,7600,9553200.0,22.84971,5.2175465,2958343168.0,-0.818,11.998,19.517,53.83,,,
2024-01-30,1232.0,-1.9888623707239428,3500,4312000.0,22.84971,5.2175465,2958343168.0,-0.818,11.998,19.517,53.83,,,
2024-01-31,1230.0,-0.1623376623376637,6600,8118000.0,22.84971,5.2175465,2958343168.0,-0.818,11.998,19.517,53.83,,,
2024-02-01,1219.0,-0.894308943089428,5200,6338800.0,22.84971,5.2175465,2958343168.0,-0.818,11.998,19.517,53.83,,,
2024-02-02,1235.0,1.312551271534046,5700,7039500.0,22.84971,5.2175465,2958343168.0,-0.818,11.998,19.517,53.83,,,
2024-02-05,1223.0,-0.9716599190283448,6600,8071800.0,22.84971,5.2175465,2958343168.0,-0.818,11.998,19.517,53.83,,,
2024-02-06,1250.0,2.2076860179885527,7900,9875000.0,22.84971,5.2175465,2958343168.0,-0.818,11.998,19.517,53.83,,,
2024-02-07,1243.0,-0.5600000000000049,1500,1864500.0,22.84971,5.2175465,2958343168.0,-0.818,11.998,19.517,53.83,,,
2024-02-08,1235.0,-0.6436041834271933,7500,9262500.0,22.84971,5.2175465,2958343168.0,-0.818,11.998,19.517,53.83,,,
2024-02-09,1250.0,1.2145748987854257,6600,8250000.0,22.84971,5.2175465,2958343168.0,-0.818,11.998,19.517,53.83,,,
2024-02-13,1230.0,-1.6000000000000014,12200,15006000.0,22.84971,5.2175465,2958343168.0,-0.818,11.998,19.517,53.83,,,
2024-02-14,1160.0,-5.691056910569103,16400,19024000.0,22.84971,5.2175465,2958343168.0,-0.818,11.998,19.517,53.83,,,
2024-02-15,1121.0,-3.36206896551724,8800,9864800.0,22.84971,5.2175465,2958343168.0,-0.818,11.998,19.517,53.83,,,
2024-02-16,1140.0,1.6949152542372836,7500,8550000.0,22.84971,5.2175465,2958343168.0,-0.818,11.998,19.517,53.83,,,
2024-02-19,1179.0,3.421052631578947,8400,9903600.0,22.84971,5.2175465,2958343168.0,-0.818,11.998,19.517,53.83,,,
2024-02-20,1185.0,0.5089058524172962,7000,8295000.0,22.84971,5.2175465,2958343168.0,-0.818,11.998,19.517,53.83,,,
2024-02-21,1170.0,-1.2658227848101222,2600,3042000.0,22.84971,5.2175465,2958343168.0,-0.818,11.998,19.517,53.83,,,
2024-02-22,1136.0,-2.9059829059829068,5900,6702400.0,22.84971,5.2175465,2958343168.0,-0.818,11.998,19.517,53.83,,,
2024-02-26,1141.0,0.4401408450704247,4200,4792200.0,22.84971,5.2175465,2958343168.0,-0.818,11.998,19.517,53.83,,,
2024-02-27,1217.0,6.660823838737939,10000,12170000.0,22.84971,5.2175465,2958343168.0,-0.818,11.998,19.517,53.83,,,
2024-02-28,1197.0,-1.6433853738701765,4900,5865300.0,22.84971,5.2175465,2958343168.0,-0.818,11.998,19.517,53.83,,,
2024-02-29,1166.0,-2.589807852965753,1800,2098800.0,22.84971,5.2175465,2958343168.0,-0.818,11.998,19.517,53.83,,,
2024-03-01,1143.0,-1.9725557461406475,3600,4114800.0,22.84971,5.2175465,2958343168.0,-0.818,11.998,19.517,53.83,,,
2024-03-04,1122.0,-1.8372703412073528,2800,3141600.0,22.84971,5.2175465,2958343168.0,-0.818,11.998,19.517,53.83,,,
2024-03-05,1215.0,8.288770053475947,9300,11299500.0,22.84971,5.2175465,2958343168.0,-0.818,11.998,19.517,53.83,,,
2024-03-06,1160.0,-4.526748971193417,6600,7656000.0,22.84971,5.2175465,2958343168.0,-0.818,11.998,19.517,53.83,,,
2024-03-07,1122.0,-3.2758620689655182,9200,10322400.0,22.84971,5.2175465,2958343168.0,-0.818,11.998,19.517,53.83,,,
2024-03-08,1122.0,0.0,3200,3590400.0,22.84971,5.2175465,2958343168.0,-0.818,11.998,19.517,53.83,,,
2024-03-11,1073.0,-4.367201426024958,8300,8905900.0,22.84971,5.2175465,2958343168.0,-0.818,11.998,19.517,53.83,,,
2024-03-12,1088.0,1.3979496738117492,3900,4243200.0,22.84971,5.2175465,2958343168.0,-0.818,11.998,19.517,53.83,,,
2024-03-13,1103.0,1.3786764705882248,3900,4301700.0,22.84971,5.2175465,2958343168.0,-0.818,11.998,19.517,53.83,,,
2024-03-14,1090.0,-1.1786038077969183,4100,4469000.0,22.84971,5.2175465,2958343168.0,-0.818,11.998,19.517,53.83,,,
2024-03-15,1057.0,-3.027522935779814,2500,2642500.0,22.84971,5.2175465,2958343168.0,-0.818,11.998,19.517,53.83,,,
2024-03-18,1073.0,1.513718070009462,2800,3004400.0,22.84971,5.2175465,2958343168.0,-0.818,11.998,19.517,53.83,,,
2024-03-19,1113.0,3.727865796831309,4100,4563300.0,22.84971,5.2175465,2958343168.0,-0.818,11.998,19.517,53.83,,,
2024-03-21,1134.0,1.8867924528301885,5300,6010200.0,22.84971,5.2175465,2958343168.0,-0.818,11.998,19.517,53.83,,,
2024-03-22,1207.0,6.437389770723101,8400,10138800.0,22.84971,5.2175465,2958343168.0,-0.818,11.998,19.517,53.83,,,
2024-03-25,1198.0,-0.7456503728251906,4400,5271200.0,22.84971,5.2175465,2958343168.0,-0.818,11.998,19.517,53.83,,,
2024-03-26,1207.0,0.7512520868113493,1900,2293300.0,22.84971,5.2175465,2958343168.0,-0.818,11.998,19.517,53.83,,,
2024-03-27,1170.0,-3.0654515327257714,3300,3861000.0,22.84971,5.2175465,2958343168.0,-0.818,11.998,19.517,53.83,,,
2024-03-28,1174.0,0.3418803418803406,3600,4226400.0,22.84971,5.2175465,2958343168.0,-0.818,11.998,19.517,53.83,,,
2024-03-29,1203.0,2.470187393526402,2900,3488700.0,22.84971,5.2175465,2958343168.0,-0.818,11.998,19.517,53.83,,,
2024-04-01,1217.0,1.1637572734829682,2900,3529300.0,22.84971,5.2175465,2958343168.0,-0.818,11.998,19.517,53.83,,,
2024-04-02,1166.0,-4.190632703368936,5200,6063200.0,22.84971,5.2175465,2958343168.0,-0.818,11.998,19.517,53.83,,,
2024-04-03,1222.0,4.80274442538593,4400,5376800.0,22.84971,5.2175465,2958343168.0,-0.818,11.998,19.517,53.83,,,
2024-04-04,1270.0,3.927986906710301,11200,14224000.0,22.84971,5.2175465,2958343168.0,-0.818,11.998,19.517,53.83,,,
2024-04-05,1280.0,0.7874015748031482,9800,12544000.0,22.84971,5.2175465,2958343168.0,-0.818,11.998,19.517,53.83,,,
2024-04-08,1278.0,-0.1562500000000022,2700,3450600.0,22.84971,5.2175465,2958343168.0,-0.818,11.998,19.517,53.83,,,
2024-04-09,1280.0,0.156494522691708,1700,2176000.0,22.84971,5.2175465,2958343168.0,-0.818,11.998,19.517,53.83,,,
2024-04-10,1275.0,-0.390625,6200,7905000.0,22.84971,5.2175465,2958343168.0,-0.818,11.998,19.517,53.83,,,
2024-04-11,1296.0,1.6470588235294017,4400,5702400.0,22.84971,5.2175465,2958343168.0,-0.818,11.998,19.517,53.83,,,
2024-04-12,1294.0,-0.1543209876543216,5500,7117000.0,22.84971,5.2175465,2958343168.0,-0.818,11.998,19.517,53.83,,,
2024-04-15,1291.0,-0.2318392581143746,3700,4776700.0,22.84971,5.2175465,2958343168.0,-0.818,11.998,19.517,53.83,,,
2024-04-16,1240.0,-3.9504260263361735,3800,4712000.0,22.84971,5.2175465,2958343168.0,-0.818,11.998,19.517,53.83,,,
2024-04-17,1274.0,2.741935483870961,2300,2930200.0,22.84971,5.2175465,2958343168.0,-0.818,11.998,19.517,53.83,,,
2024-04-18,1279.0,0.392464678178972,3600,4604400.0,22.84971,5.2175465,2958343168.0,-0.818,11.998,19.517,53.83,,,
2024-04-19,1225.0,-4.222048475371388,4500,5512500.0,22.84971,5.2175465,2958343168.0,-0.818,11.998,19.517,53.83,,,
2024-04-22,1218.0,-0.5714285714285672,4100,4993800.0,22.84971,5.2175465,2958343168.0,-0.818,11.998,19.517,53.83,,,
2024-04-23,1247.0,2.3809523809523725,1500,1870500.0,22.84971,5.2175465,2958343168.0,-0.818,11.998,19.517,53.83,,,
2024-04-24,1280.0,2.646351242983158,2300,2944000.0,22.84971,5.2175465,2958343168.0,-0.818,11.998,19.517,53.83,,,
2024-04-25,1290.0,0.78125,2300,2967000.0,22.84971,5.2175465,2958343168.0,-0.818,11.998,19.517,53.83,,,
2024-04-26,1292.0,0.1550387596899183,1100,1421200.0,22.84971,5.2175465,2958343168.0,-0.818,11.998,19.517,53.83,,,
2024-04-30,1272.0,-1.5479876160990669,2100,2671200.0,22.84971,5.2175465,2958343168.0,-0.818,11.998,19.517,53.83,,,
2024-05-01,1286.0,1.1006289308176154,2500,3215000.0,22.84971,5.2175465,2958343168.0,-0.818,11.998,19.517,53.83,,,
2024-05-02,1296.0,0.7776049766718529,3400,4406400.0,22.84971,5.2175465,2958343168.0,-0.818,11.998,19.517,53.83,,,
2024-05-07,1261.0,-2.7006172839506126,3400,4287400.0,22.84971,5.2175465,2958343168.0,-0.818,11.998,19.517,53.83,,,
2024-05-08,1276.0,1.189532117367165,1300,1658800.0,22.84971,5.2175465,2958343168.0,-0.818,11.998,19.517,53.83,,,
2024-05-09,1315.0,3.0564263322883978,2200,2893000.0,22.84971,5.2175465,2958343168.0,-0.818,11.998,19.517,53.83,,,
2024-05-10,1337.0,1.6730038022813698,4000,5348000.0,22.84971,5.2175465,2958343168.0,-0.818,11.998,19.517,53.83,,,
2024-05-13,1321.0,-1.196709050112188,27100,35799100.0,22.84971,5.2175465,2958343168.0,-0.818,11.998,19.517,53.83,,,
2024-05-14,1300.0,-1.5897047691143085,5300,6890000.0,22.84971,5.2175465,2958343168.0,-0.818,11.998,19.517,53.83,,,
2024-05-15,1283.0,-1.3076923076923097,11400,14626200.0,22.84971,5.2175465,2958343168.0,-0.818,11.998,19.517,53.83,,,
2024-05-16,1285.0,0.1558846453624252,2300,2955500.0,22.84971,5.2175465,2958343168.0,-0.818,11.998,19.517,53.83,,,
2024-05-17,1259.0,-2.023346303501949,2800,3525200.0,22.84971,5.2175465,2958343168.0,-0.818,11.998,19.517,53.83,,,
2024-05-20,1239.0,-1.5885623510722755,2300,2849700.0,22.84971,5.2175465,2958343168.0,-0.818,11.998,19.517,53.83,,,
2024-05-21,1259.0,1.6142050040355072,1200,1510800.0,22.84971,5.2175465,2958343168.0,-0.818,11.998,19.517,53.83,,,
2024-05-22,1300.0,3.2565528196981663,2200,2860000.0,22.84971,5.2175465,2958343168.0,-0.818,11.998,19.517,53.83,,,
2024-05-23,1297.0,-0.2307692307692344,3200,4150400.0,22.84971,5.2175465,2958343168.0,-0.818,11.998,19.517,53.83,,,
2024-05-24,1271.0,-2.004626060138781,3600,4575600.0,22.84971,5.2175465,2958343168.0,-0.818,11.998,19.517,53.83,,,
2024-05-27,1298.0,2.124311565696302,5300,6879400.0,22.84971,5.2175465,2958343168.0,-0.818,11.998,19.517,53.83,,,
2024-05-28,1274.0,-1.8489984591679496,10900,13886600.0,22.84971,5.2175465,2958343168.0,-0.818,11.998,19.517,53.83,,,
2024-05-29,1267.0,-0.5494505494505475,3700,4687900.0,22.84971,5.2175465,2958343168.0,-0.818,11.998,19.517,53.83,,,
2024-05-30,1269.0,0.1578531965272356,1500,1903500.0,22.84971,5.2175465,2958343168.0,-0.818,11.998,19.517,53.83,,,
2024-05-31,1281.0,0.9456264775413724,5700,7301700.0,22.84971,5.2175465,2958343168.0,-0.818,11.998,19.517,53.83,,,
2024-06-03,1304.0,1.795472287275568,3600,4694400.0,22.84971,5.2175465,2958343168.0,-0.818,11.998,19.517,53.83,,,
2024-06-04,1314.0,0.7668711656441785,2700,3547800.0,22.84971,5.2175465,2958343168.0,-0.818,11.998,19.517,53.83,,,
2024-06-05,1305.0,-0.6849315068493178,400,522000.0,22.84971,5.2175465,2958343168.0,-0.818,11.998,19.517,53.83,,,
2024-06-06,1262.0,-3.29501915708812,10200,12872400.0,22.84971,5.2175465,2958343168.0,-0.818,11.998,19.517,53.83,,,
2024-06-07,1239.0,-1.8225039619651384,3600,4460400.0,22.84971,5.2175465,2958343168.0,-0.818,11.998,19.517,53.83,,,
2024-06-10,1248.0,0.7263922518159882,400,499200.0,22.84971,5.2175465,2958343168.0,-0.818,11.998,19.517,53.83,,,
2024-06-11,1238.0,-0.8012820512820484,200,247600.0,22.84971,5.2175465,2958343168.0,-0.818,11.998,19.517,53.83,,,
2024-06-12,1235.0,-0.2423263327948288,3000,3705000.0,22.84971,5.2175465,2958343168.0,-0.818,11.998,19.517,53.83,,,
2024-06-13,1236.0,0.0809716599190268,4200,5191200.0,22.84971,5.2175465,2958343168.0,-0.818,11.998,19.517,53.83,,,
2024-06-14,1237.0,0.0809061488673101,700,865900.0,22.84971,5.2175465,2958343168.0,-0.818,11.998,19.517,53.83,,,
2024-06-17,1220.0,-1.3742926434923253,2100,2562000.0,22.84971,5.2175465,2958343168.0,-0.818,11.998,19.517,53.83,,,
2024-06-18,1220.0,0.0,1200,1464000.0,22.84971,5.2175465,2958343168.0,-0.818,11.998,19.517,53.83,,,
2024-06-19,1220.0,0.0,3300,4026000.0,22.84971,5.2175465,2958343168.0,-0.818,11.998,19.517,53.83,,,
2024-06-20,1212.0,-0.6557377049180357,1700,2060400.0,22.84971,5.2175465,2958343168.0,-0.818,11.998,19.517,53.83,,,
2024-06-21,1220.0,0.660066006600668,4900,5978000.0,22.84971,5.2175465,2958343168.0,-0.818,11.998,19.517,53.83,,,
2024-06-24,1209.0,-0.901639344262295,300,362700.0,22.84971,5.2175465,2958343168.0,-0.818,11.998,19.517,53.83,,,
2024-06-25,1236.0,2.2332506203474045,3500,4326000.0,22.84971,5.2175465,2958343168.0,-0.818,11.998,19.517,53.83,,,
2024-06-26,1258.0,1.7799352750809128,4400,5535200.0,22.84971,5.2175465,2958343168.0,-0.818,11.998,19.517,53.83,,,
2024-06-27,1236.0,-1.748807631160576,3500,4326000.0,22.84971,5.2175465,2958343168.0,-0.818,11.998,19.517,53.83,,,
2024-06-28,1230.0,-0.4854368932038833,2300,2829000.0,22.84971,5.2175465,2958343168.0,-0.818,11.998,19.517,53.83,,,
2024-07-01,1215.0,-1.2195121951219523,3900,4738500.0,22.84971,5.2175465,2958343168.0,-0.818,11.998,19.517,53.83,,,
2024-07-02,1226.0,0.9053497942386856,3400,4168400.0,22.84971,5.2175465,2958343168.0,-0.818,11.998,19.517,53.83,,,
2024-07-03,1226.0,0.0,700,858200.0,22.84971,5.2175465,2958343168.0,-0.818,11.998,19.517,53.83,,,
2024-07-04,1227.0,0.0815660685155039,1900,2331300.0,22.84971,5.2175465,2958343168.0,-0.818,11.998,19.517,53.83,,,
2024-07-05,1210.0,-1.3854930725346382,2600,3146000.0,22.84971,5.2175465,2958343168.0,-0.818,11.998,19.517,53.83,,,
2024-07-08,1204.0,-0.4958677685950374,3300,3973200.0,22.84971,5.2175465,2958343168.0,-0.818,11.998,19.517,53.83,,,
2024-07-09,1204.0,0.0,2700,3250800.0,22.84971,5.2175465,2958343168.0,-0.818,11.998,19.517,53.83,,,
2024-07-10,1205.0,0.0830564784053189,1700,2048500.0,22.84971,5.2175465,2958343168.0,-0.818,11.998,19.517,53.83,,,
2024-07-11,1192.0,-1.078838174273855,10500,12516000.0,22.84971,5.2175465,2958343168.0,-0.818,11.998,19.517,53.83,,,
2024-07-12,1185.0,-0.5872483221476488,900,1066500.0,22.84971,5.2175465,2958343168.0,-0.818,11.998,19.517,53.83,,,
2024-07-16,1200.0,1.265822784810133,4900,5880000.0,22.84971,5.2175465,2958343168.0,-0.818,11.998,19.517,53.83,,,
2024-07-17,1208.0,0.6666666666666599,2300,2778400.0,22.84971,5.2175465,2958343168.0,-0.818,11.998,19.517,53.83,,,
2024-07-18,1197.0,-0.9105960264900624,2600,3112200.0,22.84971,5.2175465,2958343168.0,-0.818,11.998,19.517,53.83,,,
2024-07-19,1174.0,-1.9214703425229795,3700,4343800.0,22.84971,5.2175465,2958343168.0,-0.818,11.998,19.517,53.83,,,
2024-07-22,1176.0,0.1703577512776721,2700,3175200.0,22.84971,5.2175465,2958343168.0,-0.818,11.998,19.517,53.83,,,
2024-07-23,1181.0,0.425170068027203,3900,4605900.0,22.84971,5.2175465,2958343168.0,-0.818,11.998,19.517,53.83,,,
2024-07-24,1165.0,-1.3547840812870415,2700,3145500.0,22.84971,5.2175465,2958343168.0,-0.818,11.998,19.517,53.83,,,
2024-07-25,1165.0,0.0,1400,1631000.0,22.84971,5.2175465,2958343168.0,-0.818,11.998,19.517,53.83,,,
2024-07-26,1190.0,2.145922746781115,400,476000.0,22.84971,5.2175465,2958343168.0,-0.818,11.998,19.517,53.83,,,
2024-07-29,1211.0,1.764705882352935,1600,1937600.0,22.84971,5.2175465,2958343168.0,-0.818,11.998,19.517,53.83,,,
2024-07-30,1211.0,0.0,700,847700.0,22.84971,5.2175465,2958343168.0,-0.818,11.998,19.517,53.83,,,
2024-07-31,1214.0,0.2477291494632494,2000,2428000.0,22.84971,5.2175465,2958343168.0,-0.818,11.998,19.517,53.83,,,
2024-08-01,1217.0,0.2471169686985241,1300,1582100.0,22.84971,5.2175465,2958343168.0,-0.818,11.998,19.517,53.83,,,
2024-08-02,1130.0,-7.1487263763352455,3800,4294000.0,22.84971,5.2175465,2958343168.0,-0.818,11.998,19.517,53.83,,,
2024-08-05,830.0,-26.54867256637168,20600,17098000.0,22.84971,5.2175465,2958343168.0,-0.818,11.998,19.517,53.83,,,
2024-08-06,872.0,5.060240963855422,22400,19532800.0,22.84971,5.2175465,2958343168.0,-0.818,11.998,19.517,53.83,,,
2024-08-07,915.0,4.931192660550465,16300,14914500.0,22.84971,5.2175465,2958343168.0,-0.818,11.998,19.517,53.83,,,
2024-08-08,949.0,3.71584699453551,4100,3890900.0,22.84971,5.2175465,2958343168.0,-0.818,11.998,19.517,53.83,,,
2024-08-09,1099.0,15.806111696522663,9600,10550400.0,22.84971,5.2175465,2958343168.0,-0.818,11.998,19.517,53.83,,,
2024-08-13,1005.0,-8.55323020928116,40700,40903500.0,22.84971,5.2175465,2958343168.0,-0.818,11.998,19.517,53.83,,,
2024-08-14,1000.0,-0.497512437810943,9300,9300000.0,22.84971,5.2175465,2958343168.0,-0.818,11.998,19.517,53.83,,,
2024-08-15,980.0,-2.0000000000000018,4800,4704000.0,22.84971,5.2175465,2958343168.0,-0.818,11.998,19.517,53.83,,,
2024-08-16,975.0,-0.5102040816326481,6800,6630000.0,22.84971,5.2175465,2958343168.0,-0.818,11.998,19.517,53.83,,,
2024-08-19,962.0,-1.3333333333333308,3400,3270800.0,22.84971,5.2175465,2958343168.0,-0.818,11.998,19.517,53.83,,,
2024-08-20,987.0,2.598752598752596,6300,6218100.0,22.84971,5.2175465,2958343168.0,-0.818,11.998,19.517,53.83,,,
2024-08-21,993.0,0.6079027355623046,2500,2482500.0,22.84971,5.2175465,2958343168.0,-0.818,11.998,19.517,53.83,,,
2024-08-22,991.0,-0.2014098690835797,6000,5946000.0,22.84971,5.2175465,2958343168.0,-0.818,11.998,19.517,53.83,,,
2024-08-23,983.0,-0.8072653884964698,2700,2654100.0,22.84971,5.2175465,2958343168.0,-0.818,11.998,19.517,53.83,,,
2024-08-26,986.0,0.3051881993896277,3600,3549600.0,22.84971,5.2175465,2958343168.0,-0.818,11.998,19.517,53.83,,,
2024-08-27,1010.0,2.4340770791074995,3500,3535000.0,22.84971,5.2175465,2958343168.0,-0.818,11.998,19.517,53.83,,,
2024-08-28,1028.0,1.7821782178217838,2300,2364400.0,22.84971,5.2175465,2958343168.0,-0.818,11.998,19.517,53.83,,,
2024-08-29,1001.0,-2.6264591439688734,1300,1301300.0,22.84971,5.2175465,2958343168.0,-0.818,11.998,19.517,53.83,,,
2024-08-30,1012.0,1.098901098901095,300,303600.0,22.84971,5.2175465,2958343168.0,-0.818,11.998,19.517,53.83,,,
2024-09-02,1001.0,-1.0869565217391353,1600,1601600.0,22.84971,5.2175465,2958343168.0,-0.818,11.998,19.517,53.83,,,
2024-09-03,1004.0,0.2997002997003006,1600,1606400.0,22.84971,5.2175465,2958343168.0,-0.818,11.998,19.517,53.83,,,
2024-09-04,975.0,-2.88844621513944,3600,3510000.0,22.84971,5.2175465,2958343168.0,-0.818,11.998,19.517,53.83,,,
2024-09-05,990.0,1.538461538461533,400,396000.0,22.84971,5.2175465,2958343168.0,-0.818,11.998,19.517,53.83,,,
2024-09-06,975.0,-1.5151515151515138,1000,975000.0,22.84971,5.2175465,2958343168.0,-0.818,11.998,19.517,53.83,,,
2024-09-09,979.0,0.4102564102564043,1000,979000.0,22.84971,5.2175465,2958343168.0,-0.818,11.998,19.517,53.83,,,
2024-09-10,965.0,-1.430030643513791,600,579000.0,22.84971,5.2175465,2958343168.0,-0.818,11.998,19.517,53.83,,,
2024-09-11,925.0,-4.145077720207258,2800,2590000.0,22.84971,5.2175465,2958343168.0,-0.818,11.998,19.517,53.83,,,
2024-09-12,940.0,1.6216216216216273,400,376000.0,22.84971,5.2175465,2958343168.0,-0.818,11.998,19.517,53.83,,,
2024-09-13,940.0,0.0,0,0.0,22.84971,5.2175465,2958343168.0,-0.818,11.998,19.517,53.83,,,
2024-09-17,958.0,1.914893617021285,1000,958000.0,22.84971,5.2175465,2958343168.0,-0.818,11.998,19.517,53.83,,,
2024-09-18,975.0,1.7745302713987554,1500,1462500.0,22.84971,5.2175465,2958343168.0,-0.818,11.998,19.517,53.83,,,
2024-09-19,999.0,2.4615384615384706,1400,1398600.0,22.84971,5.2175465,2958343168.0,-0.818,11.998,19.517,53.83,,,
2024-09-20,997.0,-0.2002002002001957,2900,2891300.0,22.84971,5.2175465,2958343168.0,-0.818,11.998,19.517,53.83,,,
2024-09-24,979.0,-1.8054162487462388,1700,1664300.0,22.84971,5.2175465,2958343168.0,-0.818,11.998,19.517,53.83,,,
2024-09-25,995.0,1.634320735444339,3500,3482500.0,22.84971,5.2175465,2958343168.0,-0.818,11.998,19.517,53.83,,,
2024-09-26,991.0,-0.4020100502512558,1500,1486500.0,22.84971,5.2175465,2958343168.0,-0.818,11.998,19.517,53.83,,,
2024-09-27,999.0,0.8072653884964698,800,799200.0,22.84971,5.2175465,2958343168.0,-0.818,11.998,19.517,53.83,,,
2024-09-30,1005.0,0.6006006006006093,1700,1708500.0,22.84971,5.2175465,2958343168.0,-0.818,11.998,19.517,53.83,,,
2024-10-01,999.0,-0.5970149253731294,1100,1098900.0,22.84971,5.2175465,2958343168.0,-0.818,11.998,19.517,53.83,,,
2024-10-02,1000.0,0.1001001001001089,1900,1900000.0,22.84971,5.2175465,2958343168.0,-0.818,11.998,19.517,53.83,,,
2024-10-03,999.0,-0.1,2100,2097900.0,22.84971,5.2175465,2958343168.0,-0.818,11.998,19.517,53.83,,,
2024-10-04,1005.0,0.6006006006006093,1900,1909500.0,22.84971,5.2175465,2958343168.0,-0.818,11.998,19.517,53.83,,,
2024-10-07,980.0,-2.487562189054726,3200,3136000.0,22.84971,5.2175465,2958343168.0,-0.818,11.998,19.517,53.83,,,
2024-10-08,1019.0,3.979591836734686,5800,5910200.0,22.84971,5.2175465,2958343168.0,-0.818,11.998,19.517,53.83,,,
2024-10-09,973.0,-4.514229636898925,4600,4475800.0,22.84971,5.2175465,2958343168.0,-0.818,11.998,19.517,53.83,,,
2024-10-10,991.0,1.8499486125385325,1800,1783800.0,22.84971,5.2175465,2958343168.0,-0.818,11.998,19.517,53.83,,,
2024-10-11,983.0,-0.8072653884964698,1600,1572800.0,22.84971,5.2175465,2958343168.0,-0.818,11.998,19.517,53.83,,,
2024-10-15,1000.0,1.729399796541209,2600,2600000.0,22.84971,5.2175465,2958343168.0,-0.818,11.998,19.517,53.83,,,
2024-10-16,991.0,-0.9000000000000008,1200,1189200.0,22.84971,5.2175465,2958343168.0,-0.818,11.998,19.517,53.83,,,
2024-10-17,999.0,0.8072653884964698,800,799200.0,22.84971,5.2175465,2958343168.0,-0.818,11.998,19.517,53.83,,,
2024-10-18,999.0,0.0,2100,2097900.0,22.84971,5.2175465,2958343168.0,-0.818,11.998,19.517,53.83,,,
2024-10-21,1008.0,0.9009009009008916,1200,1209600.0,22.84971,5.2175465,2958343168.0,-0.818,11.998,19.517,53.83,,,
2024-10-22,977.0,-3.0753968253968256,1700,1660900.0,22.84971,5.2175465,2958343168.0,-0.818,11.998,19.517,53.83,,,
2024-10-23,980.0,0.3070624360286489,3700,3626000.0,22.84971,5.2175465,2958343168.0,-0.818,11.998,19.517,53.83,,,
2024-10-24,1001.0,2.1428571428571352,2400,2402400.0,22.84971,5.2175465,2958343168.0,-0.818,11.998,19.517,53.83,,,
2024-10-25,980.0,-2.097902097902093,2700,2646000.0,22.84971,5.2175465,2958343168.0,-0.818,11.998,19.517,53.83,,,
2024-10-28,980.0,0.0,1300,1274000.0,22.84971,5.2175465,2958343168.0,-0.818,11.998,19.517,53.83,,,
2024-10-29,976.0,-0.4081632653061273,1000,976000.0,22.84971,5.2175465,2958343168.0,-0.818,11.998,19.517,53.83,,,
2024-10-30,990.0,1.434426229508201,1100,1089000.0,22.84971,5.2175465,2958343168.0,-0.818,11.998,19.517,53.83,,,
2024-10-31,982.0,-0.8080808080808133,1000,982000.0,22.84971,5.2175465,2958343168.0,-0.818,11.998,19.517,53.83,,,
2024-11-01,964.0,-1.8329938900203624,4300,4145200.0,22.84971,5.2175465,2958343168.0,-0.818,11.998,19.517,53.83,,,
2024-11-05,970.0,0.6224066390041472,4000,3880000.0,22.84971,5.2175465,2958343168.0,-0.818,11.998,19.517,53.83,,,
2024-11-06,957.0,-1.3402061855670055,2600,2488200.0,22.84971,5.2175465,2958343168.0,-0.818,11.998,19.517,53.83,,,
2024-11-07,960.0,0.3134796238244419,2700,2592000.0,22.84971,5.2175465,2958343168.0,-0.818,11.998,19.517,53.83,,,
2024-11-08,988.0,2.9166666666666563,2900,2865200.0,22.84971,5.2175465,2958343168.0,-0.818,11.998,19.517,53.83,,,
2024-11-11,966.0,-2.226720647773284,6100,5892600.0,22.84971,5.2175465,2958343168.0,-0.818,11.998,19.517,53.83,,,
2024-11-12,1010.0,4.554865424430643,5200,5252000.0,22.84971,5.2175465,2958343168.0,-0.818,11.998,19.517,53.83,,,
2024-11-13,1011.0,0.0990099009900991,2600,2628600.0,22.84971,5.2175465,2958343168.0,-0.818,11.998,19.517,53.83,,,
2024-11-14,1063.0,5.143422354104854,10600,11267800.0,22.84971,5.2175465,2958343168.0,-0.818,11.998,19.517,53.83,,,
2024-11-15,997.0,-6.208842897460021,22000,21934000.0,22.84971,5.2175465,2958343168.0,-0.818,11.998,19.517,53.83,,,
2024-11-18,958.0,-3.911735205616851,7800,7472400.0,22.84971,5.2175465,2958343168.0,-0.818,11.998,19.517,53.83,,,
2024-11-19,936.0,-2.2964509394572064,3200,2995200.0,22.84971,5.2175465,2958343168.0,-0.818,11.998,19.517,53.83,,,
2024-11-20,922.0,-1.4957264957264904,2600,2397200.0,22.84971,5.2175465,2958343168.0,-0.818,11.998,19.517,53.83,,,
2024-11-21,930.0,0.8676789587852562,900,837000.0,22.84971,5.2175465,2958343168.0,-0.818,11.998,19.517,53.83,,,
2024-11-22,931.0,0.1075268817204211,500,465500.0,22.84971,5.2175465,2958343168.0,-0.818,11.998,19.517,53.83,,,
2024-11-25,931.0,0.0,2700,2513700.0,22.84971,5.2175465,2958343168.0,-0.818,11.998,19.517,53.83,,,
2024-11-26,920.0,-1.1815252416756183,1700,1564000.0,22.84971,5.2175465,2958343168.0,-0.818,11.998,19.517,53.83,,,
2024-11-27,901.0,-2.065217391304353,5500,4955500.0,22.84971,5.2175465,2958343168.0,-0.818,11.998,19.517,53.83,,,
2024-11-28,897.0,-0.4439511653718142,1200,1076400.0,22.84971,5.2175465,2958343168.0,-0.818,11.998,19.517,53.83,,,
2024-11-29,960.0,7.0234113712374535,284000,272640000.0,22.84971,5.2175465,2958343168.0,-0.818,11.998,19.517,53.83,,,
2024-12-02,926.0,-3.541666666666665,19600,18149600.0,22.84971,5.2175465,2958343168.0,-0.818,11.998,19.517,53.83,,,
2024-12-03,912.0,-1.5118790496760235,70400,64204800.0,22.84971,5.2175465,2958343168.0,-0.818,11.998,19.517,53.83,,,
2024-12-04,914.0,0.2192982456140413,3700,3381800.0,22.84971,5.2175465,2958343168.0,-0.818,11.998,19.517,53.83,,,
2024-12-05,917.0,0.3282275711159688,3100,2842700.0,22.84971,5.2175465,2958343168.0,-0.818,11.998,19.517,53.83,,,
2024-12-06,910.0,-0.7633587786259555,6000,5460000.0,22.84971,5.2175465,2958343168.0,-0.818,11.998,19.517,53.83,,,
2024-12-09,915.0,0.5494505494505475,2000,1830000.0,22.84971,5.2175465,2958343168.0,-0.818,11.998,19.517,53.83,,,
2024-12-10,902.0,-1.4207650273224015,4900,4419800.0,22.84971,5.2175465,2958343168.0,-0.818,11.998,19.517,53.83,,,
2024-12-11,907.0,0.5543237250554389,2400,2176800.0,22.84971,5.2175465,2958343168.0,-0.818,11.998,19.517,53.83,,,
2024-12-12,905.0,-0.2205071664829083,4300,3891500.0,22.84971,5.2175465,2958343168.0,-0.818,11.998,19.517,53.83,,,
2024-12-13,906.0,0.1104972375690627,1400,1268400.0,22.84971,5.2175465,2958343168.0,-0.818,11.998,19.517,53.83,,,
2024-12-16,900.0,-0.6622516556291425,5200,4680000.0,22.84971,5.2175465,2958343168.0,-0.818,11.998,19.517,53.83,,,
2024-12-17,909.0,1.0000000000000009,8700,7908300.0,22.84971,5.2175465,2958343168.0,-0.818,11.998,19.517,53.83,,,
2024-12-18,909.0,0.0,4200,3817800.0,22.84971,5.2175465,2958343168.0,-0.818,11.998,19.517,53.83,,,
2024-12-19,916.0,0.7700770077007757,7700,7053200.0,22.84971,5.2175465,2958343168.0,-0.818,11.998,19.517,53.83,,,
2024-12-20,965.0,5.349344978165949,7200,6948000.0,22.84971,5.2175465,2958343168.0,-0.818,11.998,19.517,53.83,,,
2024-12-23,932.0,-3.419689119170988,7300,6803600.0,22.84971,5.2175465,2958343168.0,-0.818,11.998,19.517,53.83,,,
2024-12-24,929.0,-0.3218884120171683,2200,2043800.0,22.84971,5.2175465,2958343168.0,-0.818,11.998,19.517,53.83,,,
2024-12-25,911.0,-1.9375672766415497,6700,6103700.0,22.84971,5.2175465,2958343168.0,-0.818,11.998,19.517,53.83,,,
2024-12-26,900.0,-1.207464324917673,10700,9630000.0,22.84971,5.2175465,2958343168.0,-0.818,11.998,19.517,53.83,,,
2024-12-27,900.0,0.0,2400,2160000.0,22.84971,5.2175465,2958343168.0,-0.818,11.998,19.517,53.83,,,
2024-12-30,924.0,2.6666666666666616,3000,2772000.0,22.84971,5.2175465,2958343168.0,-0.818,11.998,19.517,53.83,,,
2025-01-06,940.0,1.7316017316017396,19500,18330000.0,22.84971,5.2175465,2958343168.0,-0.818,11.998,19.517,53.83,,,
2025-01-07,1030.0,9.57446808510638,11400,11742000.0,22.84971,5.2175465,2958343168.0,-0.818,11.998,19.517,53.83,,,
2025-01-08,1005.0,-2.4271844660194164,6100,6130500.0,22.84971,5.2175465,2958343168.0,-0.818,11.998,19.517,53.83,,,
2025-01-09,965.0,-3.9800995024875663,2400,2316000.0,22.84971,5.2175465,2958343168.0,-0.818,11.998,19.517,53.83,,,
2025-01-10,1001.0,3.730569948186524,4200,4204200.0,22.84971,5.2175465,2958343168.0,-0.818,11.998,19.517,53.83,,,
2025-01-14,1035.0,3.3966033966033926,6900,7141500.0,22.84971,5.2175465,2958343168.0,-0.818,11.998,19.517,53.83,,,
2025-01-15,1050.0,1.449275362318847,5300,5565000.0,22.84971,5.2175465,2958343168.0,-0.818,11.998,19.517,53.83,,,
2025-01-16,1050.0,0.0,7200,7560000.0,22.84971,5.2175465,2958343168.0,-0.818,11.998,19.517,53.83,,,
2025-01-17,1070.0,1.904761904761898,4400,4708000.0,22.84971,5.2175465,2958343168.0,-0.818,11.998,19.517,53.83,,,
2025-01-20,1071.0,0.0934579439252347,4200,4498200.0,22.84971,5.2175465,2958343168.0,-0.818,11.998,19.517,53.83,,,
2025-01-21,1075.0,0.3734827264239015,800,860000.0,22.84971,5.2175465,2958343168.0,-0.818,11.998,19.517,53.83,,,
2025-01-22,1095.0,1.860465116279064,5200,5694000.0,22.84971,5.2175465,2958343168.0,-0.818,11.998,19.517,53.83,,,
2025-01-23,1095.0,0.0,300,328500.0,22.84971,5.2175465,2958343168.0,-0.818,11.998,19.517,53.83,,,
2025-01-24,1150.0,5.022831050228316,3500,4025000.0,22.84971,5.2175465,2958343168.0,-0.818,11.998,19.517,53.83,,,
2025-01-27,1155.0,0.4347826086956496,5600,6468000.0,22.84971,5.2175465,2958343168.0,-0.818,11.998,19.517,53.83,,,
2025-01-28,1187.0,2.770562770562779,5200,6172400.0,22.84971,5.2175465,2958343168.0,-0.818,11.998,19.517,53.83,,,
2025-01-29,1140.0,-3.959561920808763,5500,6270000.0,22.84971,5.2175465,2958343168.0,-0.818,11.998,19.517,53.83,,,
2025-01-30,1160.0,1.7543859649122862,2200,2552000.0,22.84971,5.2175465,2958343168.0,-0.818,11.998,19.517,53.83,,,
2025-01-31,1179.0,1.6379310344827536,1700,2004300.0,22.84971,5.2175465,2958343168.0,-0.818,11.998,19.517,53.83,,,
2025-02-03,1180.0,0.0848176420695567,1000,1180000.0,22.84971,5.2175465,2958343168.0,-0.818,11.998,19.517,53.83,,,
2025-02-04,1162.0,-1.5254237288135577,900,1045800.0,22.84971,5.2175465,2958343168.0,-0.818,11.998,19.517,53.83,,,
2025-02-05,1180.0,1.5490533562822817,2200,2596000.0,22.84971,5.2175465,2958343168.0,-0.818,11.998,19.517,53.83,,,
2025-02-06,1185.0,0.4237288135593209,1400,1659000.0,22.84971,5.2175465,2958343168.0,-0.818,11.998,19.517,53.83,,,
2025-02-07,1173.0,-1.0126582278481069,7900,9266700.0,22.84971,5.2175465,2958343168.0,-0.818,11.998,19.517,53.83,,,
2025-02-10,1235.0,5.285592497868707,15500,19142500.0,22.84971,5.2175465,2958343168.0,-0.818,11.998,19.517,53.83,,,
2025-02-12,1211.0,-1.9433198380566783,12500,15137500.0,22.84971,5.2175465,2958343168.0,-0.818,11.998,19.517,53.83,,,
2025-02-13,1237.0,2.146985962014858,1500,1855500.0,22.84971,5.2175465,2958343168.0,-0.818,11.998,19.517,53.83,,,
2025-02-14,1270.0,2.667744543249806,3700,4699000.0,22.84971,5.2175465,2958343168.0,-0.818,11.998,19.517,53.83,,,
2025-02-17,1290.0,1.5748031496062964,3200,4128000.0,22.84971,5.2175465,2958343168.0,-0.818,11.998,19.517,53.83,,,
2025-02-18,1299.0,0.6976744186046435,2000,2598000.0,22.84971,5.2175465,2958343168.0,-0.818,11.998,19.517,53.83,,,
2025-02-19,1294.0,-0.384911470361815,5200,6728800.0,22.84971,5.2175465,2958343168.0,-0.818,11.998,19.517,53.83,,,
2025-02-20,1299.0,0.3863987635239541,1900,2468100.0,22.84971,5.2175465,2958343168.0,-0.818,11.998,19.517,53.83,,,
2025-02-21,1289.0,-0.7698229407236301,3000,3867000.0,22.84971,5.2175465,2958343168.0,-0.818,11.998,19.517,53.83,,,
2025-02-25,1299.0,0.7757951900698279,8400,10911600.0,22.84971,5.2175465,2958343168.0,-0.818,11.998,19.517,53.83,,,
2025-02-26,1270.0,-2.232486528098543,4000,5080000.0,22.84971,5.2175465,2958343168.0,-0.818,11.998,19.517,53.83,,,
2025-02-27,1270.0,0.0,2500,3175000.0,22.84971,5.2175465,2958343168.0,-0.818,11.998,19.517,53.83,,,
2025-02-28,1250.0,-1.5748031496062964,3700,4625000.0,22.84971,5.2175465,2958343168.0,-0.818,11.998,19.517,53.83,,,
2025-03-03,1271.0,1.6799999999999926,1900,2414900.0,22.84971,5.2175465,2958343168.0,-0.818,11.998,19.517,53.83,,,
2025-03-04,1350.0,6.215578284815115,4900,6615000.0,22.84971,5.2175465,2958343168.0,-0.818,11.998,19.517,53.83,,,
2025-03-05,1351.0,0.0740740740740708,4700,6349700.0,22.84971,5.2175465,2958343168.0,-0.818,11.998,19.517,53.83,,,
2025-03-06,1350.0,-0.074019245003698,8600,11610000.0,22.84971,5.2175465,2958343168.0,-0.818,11.998,19.517,53.83,,,
2025-03-07,1352.0,0.1481481481481417,4900,6624800.0,22.84971,5.2175465,2958343168.0,-0.818,11.998,19.517,53.83,,,
2025-03-10,1431.0,5.843195266272194,91700,131222700.0,22.84971,5.2175465,2958343168.0,-0.818,11.998,19.517,53.83,,,
2025-03-11,1388.0,-3.004891684136968,19100,26510800.0,22.84971,5.2175465,2958343168.0,-0.818,11.998,19.517,53.83,,,
2025-03-12,1358.0,-2.1613832853025983,8000,10864000.0,22.84971,5.2175465,2958343168.0,-0.818,11.998,19.517,53.83,,,
2025-03-13,1361.0,0.2209131075110448,11300,15379300.0,22.84971,5.2175465,2958343168.0,-0.818,11.998,19.517,53.83,,,
2025-03-14,1419.0,4.261572373254952,5700,8088300.0,22.84971,5.2175465,2958343168.0,-0.818,11.998,19.517,53.83,,,
2025-03-17,1394.0,-1.761804087385488,8100,11291400.0,22.84971,5.2175465,2958343168.0,-0.818,11.998,19.517,53.83,,,
2025-03-18,1354.0,-2.8694404591104727,4700,6363800.0,22.84971,5.2175465,2958343168.0,-0.818,11.998,19.517,53.83,,,
2025-03-19,1315.0,-2.8803545051698687,10200,13413000.0,22.84971,5.2175465,2958343168.0,-0.818,11.998,19.517,53.83,,,
2025-03-21,1309.0,-0.4562737642585524,11300,14791700.0,22.84971,5.2175465,2958343168.0,-0.818,11.998,19.517,53.83,,,
2025-03-24,1240.0,-5.271199388846448,14600,18104000.0,22.84971,5.2175465,2958343168.0,-0.818,11.998,19.517,53.83,,,
2025-03-25,1201.0,-3.1451612903225845,7200,8647200.0,22.84971,5.2175465,2958343168.0,-0.818,11.998,19.517,53.83,,,
2025-03-26,1141.0,-4.995836802664444,15700,17913700.0,22.84971,5.2175465,2958343168.0,-0.818,11.998,19.517,53.83,,,
2025-03-27,1090.0,-4.469763365468882,22600,24634000.0,22.84971,5.2175465,2958343168.0,-0.818,11.998,19.517,53.83,,,
2025-03-28,1122.0,2.9357798165137616,13700,15371400.0,22.84971,5.2175465,2958343168.0,-0.818,11.998,19.517,53.83,,,
2025-03-31,1079.0,-3.832442067736186,11200,12084800.0,22.84971,5.2175465,2958343168.0,-0.818,11.998,19.517,53.83,,,
2025-04-01,1048.0,-2.873030583873959,4600,4820800.0,22.84971,5.2175465,2958343168.0,-0.818,11.998,19.517,53.83,,,
2025-04-02,1001.0,-4.484732824427484,14400,14414400.0,22.84971,5.2175465,2958343168.0,-0.818,11.998,19.517,53.83,,,
2025-04-03,999.0,-0.1998001998002041,12100,12087900.0,22.84971,5.2175465,2958343168.0,-0.818,11.998,19.517,53.83,,,
2025-04-04,920.0,-7.907907907907907,19100,17572000.0,22.84971,5.2175465,2958343168.0,-0.818,11.998,19.517,53.83,,,
2025-04-07,886.0,-3.695652173913044,9300,8239800.0,22.84971,5.2175465,2958343168.0,-0.818,11.998,19.517,53.83,,,
2025-04-08,891.0,0.5643340857787837,6200,5524200.0,22.84971,5.2175465,2958343168.0,-0.818,11.998,19.517,53.83,,,
2025-04-09,930.0,4.377104377104368,12900,11997000.0,22.84971,5.2175465,2958343168.0,-0.818,11.998,19.517,53.83,,,
2025-04-10,1080.0,16.129032258064523,21000,22680000.0,22.84971,5.2175465,2958343168.0,-0.818,11.998,19.517,53.83,,,
2025-04-11,1055.0,-2.314814814814814,14600,15403000.0,22.84971,5.2175465,2958343168.0,-0.818,11.998,19.517,53.83,,,
2025-04-14,1046.0,-0.8530805687203769,4400,4602400.0,22.84971,5.2175465,2958343168.0,-0.818,11.998,19.517,53.83,,,
2025-04-15,1018.0,-2.676864244741872,1500,1527000.0,22.84971,5.2175465,2958343168.0,-0.818,11.998,19.517,53.83,,,
2025-04-16,1039.0,2.062868369351678,5800,6026200.0,22.84971,5.2175465,2958343168.0,-0.818,11.998,19.517,53.83,,,
2025-04-17,1032.0,-0.6737247353224229,1900,1960800.0,22.84971,5.2175465,2958343168.0,-0.818,11.998,19.517,53.83,,,
2025-04-18,1063.0,3.0038759689922534,135800,144355400.0,22.84971,5.2175465,2958343168.0,-0.818,11.998,19.517,53.83,,,
2025-04-21,1082.0,1.7873941674506175,1800,1947600.0,22.84971,5.2175465,2958343168.0,-0.818,11.998,19.517,53.83,,,
2025-04-22,1043.0,-3.604436229205177,500,521500.0,22.84971,5.2175465,2958343168.0,-0.818,11.998,19.517,53.83,,,
2025-04-23,1043.0,0.0,100,104300.0,22.84971,5.2175465,2958343168.0,-0.818,11.998,19.517,53.83,,,
2025-04-24,1030.0,-1.2464046021092967,1800,1854000.0,22.84971,5.2175465,2958343168.0,-0.818,11.998,19.517,53.83,,,
2025-04-25,1063.0,3.2038834951456208,1800,1913400.0,22.84971,5.2175465,2958343168.0,-0.818,11.998,19.517,53.83,,,
2025-04-28,1084.0,1.9755409219190945,2400,2601600.0,22.84971,5.2175465,2958343168.0,-0.818,11.998,19.517,53.83,,,
2025-04-30,1043.0,-3.782287822878228,1500,1564500.0,22.84971,5.2175465,2958343168.0,-0.818,11.998,19.517,53.83,,,
2025-05-01,1137.0,9.012464046021096,7100,8072700.0,22.84971,5.2175465,2958343168.0,-0.818,11.998,19.517,53.83,,,
2025-05-02,1120.0,-1.4951627088830244,4400,4928000.0,22.84971,5.2175465,2958343168.0,-0.818,11.998,19.517,53.83,,,
2025-05-07,1119.0,-0.0892857142857139,1400,1566600.0,22.84971,5.2175465,2958343168.0,-0.818,11.998,19.517,53.83,,,
2025-05-08,1120.0,0.0893655049150954,5400,6048000.0,22.84971,5.2175465,2958343168.0,-0.818,11.998,19.517,53.83,,,
2025-05-09,1148.0,2.499999999999991,12700,14579600.0,22.84971,5.2175465,2958343168.0,-0.818,11.998,19.517,53.83,,,
2025-05-12,1030.0,-10.278745644599308,18200,18746000.0,22.84971,5.2175465,2958343168.0,-0.818,11.998,19.517,53.83,,,
2025-05-13,1031.0,0.0970873786407811,14000,14434000.0,22.84971,5.2175465,2958343168.0,-0.818,11.998,19.517,53.83,,,
2025-05-14,994.0,-3.5887487875848723,15200,15108800.0,22.84971,5.2175465,2958343168.0,-0.818,11.998,19.517,53.83,,,
2025-05-15,991.0,-0.3018108651911433,9800,9711800.0,22.84971,5.2175465,2958343168.0,-0.818,11.998,19.517,53.83,,,
2025-05-16,1004.0,1.3118062563067578,7300,7329200.0,22.84971,5.2175465,2958343168.0,-0.818,11.998,19.517,53.83,,,
2025-05-19,1016.0,1.195219123505975,3000,3048000.0,22.84971,5.2175465,2958343168.0,-0.818,11.998,19.517,53.83,,,
2025-05-20,1000.0,-1.5748031496062964,5600,5600000.0,22.84971,5.2175465,2958343168.0,-0.818,11.998,19.517,53.83,,,
2025-05-21,992.0,-0.8000000000000007,224900,223100800.0,22.84971,5.2175465,2958343168.0,-0.818,11.998,19.517,53.83,,,
2025-05-22,1020.0,2.822580645161299,6000,6120000.0,22.84971,5.2175465,2958343168.0,-0.818,11.998,19.517,53.83,,,
2025-05-23,1004.0,-1.5686274509803977,4900,4919600.0,22.84971,5.2175465,2958343168.0,-0.818,11.998,19.517,53.83,,,
2025-05-26,1007.0,0.2988047808764937,2700,2718900.0,22.84971,5.2175465,2958343168.0,-0.818,11.998,19.517,53.83,,,
2025-05-27,1006.0,-0.0993048659384321,7700,7746200.0,22.84971,5.2175465,2958343168.0,-0.818,11.998,19.517,53.83,,,
2025-05-28,1000.0,-0.5964214711729587,4000,4000000.0,22.84971,5.2175465,2958343168.0,-0.818,11.998,19.517,53.83,,,
2025-05-29,1018.0,1.8000000000000016,1800,1832400.0,22.84971,5.2175465,2958343168.0,-0.818,11.998,19.517,53.83,,,
2025-05-30,1007.0,-1.080550098231825,1200,1208400.0,22.84971,5.2175465,2958343168.0,-0.818,11.998,19.517,53.83,,,
2025-06-02,1022.0,1.4895729890764595,2900,2963800.0,22.84971,5.2175465,2958343168.0,-0.818,11.998,19.517,53.83,,,
2025-06-03,1023.0,0.0978473581213279,1600,1636800.0,22.84971,5.2175465,2958343168.0,-0.818,11.998,19.517,53.83,,,
2025-06-04,1015.0,-0.782013685239491,3100,3146500.0,22.84971,5.2175465,2958343168.0,-0.818,11.998,19.517,53.83,,,
2025-06-05,1010.0,-0.492610837438423,1100,1111000.0,22.84971,5.2175465,2958343168.0,-0.818,11.998,19.517,53.83,,,
2025-06-06,1007.0,-0.2970297029702973,1400,1409800.0,22.84971,5.2175465,2958343168.0,-0.818,11.998,19.517,53.83,,,
2025-06-09,1015.0,0.794438927507457,1400,1421000.0,22.84971,5.2175465,2958343168.0,-0.818,11.998,19.517,53.83,,,
2025-06-10,1012.0,-0.2955665024630516,1100,1113200.0,22.84971,5.2175465,2958343168.0,-0.818,11.998,19.517,53.83,,,
2025-06-11,1005.0,-0.691699604743079,1100,1105500.0,22.84971,5.2175465,2958343168.0,-0.818,11.998,19.517,53.83,,,
2025-06-12,1023.0,1.7910447761193993,7200,7365600.0,22.84971,5.2175465,2958343168.0,-0.818,11.998,19.517,53.83,,,
2025-06-13,1023.0,0.0,4700,4808100.0,22.84971,5.2175465,2958343168.0,-0.818,11.998,19.517,53.83,,,
2025-06-16,1030.0,0.6842619745845546,2400,2472000.0,22.84971,5.2175465,2958343168.0,-0.818,11.998,19.517,53.83,,,
2025-06-17,1011.0,-1.844660194174752,3200,3235200.0,22.84971,5.2175465,2958343168.0,-0.818,11.998,19.517,53.83,,,
2025-06-18,1001.0,-0.9891196834816984,3900,3903900.0,22.84971,5.2175465,2958343168.0,-0.818,11.998,19.517,53.83,,,
2025-06-19,1010.0,0.899100899100902,1300,1313000.0,22.84971,5.2175465,2958343168.0,-0.818,11.998,19.517,53.83,,,
2025-06-20,1010.0,0.0,4400,4444000.0,22.84971,5.2175465,2958343168.0,-0.818,11.998,19.517,53.83,,,
2025-06-23,1003.0,-0.6930693069306937,4100,4112300.0,22.84971,5.2175465,2958343168.0,-0.818,11.998,19.517,53.83,,,
2025-06-24,1014.0,1.0967098703888345,500,507000.0,22.84971,5.2175465,2958343168.0,-0.818,11.998,19.517,53.83,,,
2025-06-25,1010.0,-0.3944773175542426,2800,2828000.0,22.84971,5.2175465,2958343168.0,-0.818,11.998,19.517,53.83,,,
2025-06-26,1006.0,-0.3960396039603964,1500,1509000.0,22.84971,5.2175465,2958343168.0,-0.818,11.998,19.517,53.83,,,
2025-06-27,997.0,-0.8946322067594381,9600,9571200.0,22.84971,5.2175465,2958343168.0,-0.818,11.998,19.517,53.83,,,
2025-06-30,1006.0,0.9027081243731194,3000,3018000.0,22.84971,5.2175465,2958343168.0,-0.818,11.998,19.517,53.83,,,
2025-07-01,1000.0,-0.5964214711729587,4800,4800000.0,22.84971,5.2175465,2958343168.0,-0.818,11.998,19.517,53.83,,,
2025-07-02,987.0,-1.3000000000000012,7800,7698600.0,22.84971,5.2175465,2958343168.0,-0.818,11.998,19.517,53.83,,,
2025-07-03,978.0,-0.911854103343468,5300,5183400.0,22.84971,5.2175465,2958343168.0,-0.818,11.998,19.517,53.83,,,
2025-07-04,975.0,-0.3067484662576669,3700,3607500.0,22.84971,5.2175465,2958343168.0,-0.818,11.998,19.517,53.83,,,
2025-07-07,961.0,-1.4358974358974377,4700,4516700.0,22.84971,5.2175465,2958343168.0,-0.818,11.998,19.517,53.83,,,
2025-07-08,968.0,0.7284079084287187,1900,1839200.0,22.84971,5.2175465,2958343168.0,-0.818,11.998,19.517,53.83,,,
2025-07-09,971.0,0.3099173553718914,3500,3398500.0,22.84971,5.2175465,2958343168.0,-0.818,11.998,19.517,53.83,,,
2025-07-10,986.0,1.5447991761071034,2800,2760800.0,22.84971,5.2175465,2958343168.0,-0.818,11.998,19.517,53.83,,,
2025-07-11,999.0,1.3184584178498993,7000,6993000.0,22.84971,5.2175465,2958343168.0,-0.818,11.998,19.517,53.83,,,
2025-07-14,994.0,-0.5005005005005003,1700,1689800.0,22.84971,5.2175465,2958343168.0,-0.818,11.998,19.517,53.83,,,
2025-07-15,994.0,0.0,1600,1590400.0,22.84971,5.2175465,2958343168.0,-0.818,11.998,19.517,53.83,,,
2025-07-16,988.0,-0.6036217303822977,1000,988000.0,22.84971,5.2175465,2958343168.0,-0.818,11.998,19.517,53.83,,,
2025-07-17,988.0,0.0,43400,42879200.0,22.84971,5.2175465,2958343168.0,-0.818,11.998,19.517,53.83,,,
2025-07-18,1138.0,15.182186234817818,4300,4893400.0,22.84971,5.2175465,2958343168.0,-0.818,11.998,19.517,53.83,,,
2025-07-22,1311.0,15.202108963093153,450900,591129900.0,22.84971,5.2175465,2958343168.0,-0.818,11.998,19.517,53.83,,,
2025-07-23,1223.0,-6.712433257055683,65000,79495000.0,22.84971,5.2175465,2958343168.0,-0.818,11.998,19.517,53.83,,,
2025-07-24,1215.0,-0.6541291905151292,33700,40945500.0,22.84971,5.2175465,2958343168.0,-0.818,11.998,19.517,53.83,,,
2025-07-25,1198.0,-1.399176954732506,16000,19168000.0,22.84971,5.2175465,2958343168.0,-0.818,11.998,19.517,53.83,,,
2025-07-28,1220.0,1.8363939899832984,15100,18422000.0,22.84971,5.2175465,2958343168.0,-0.818,11.998,19.517,53.83,,,
2025-07-29,1195.0,-2.049180327868849,14000,16730000.0,22.84971,5.2175465,2958343168.0,-0.818,11.998,19.517,53.83,,,
2025-07-30,1196.0,0.083682008368191,9200,11003200.0,22.84971,5.2175465,2958343168.0,-0.818,11.998,19.517,53.83,,,
2025-07-31,1193.0,-0.2508361204013432,9100,10856300.0,22.84971,5.2175465,2958343168.0,-0.818,11.998,19.517,53.83,,,
2025-08-01,1222.0,2.43084660519699,7700,9409400.0,22.84971,5.2175465,2958343168.0,-0.818,11.998,19.517,53.83,,,
2025-08-04,1250.0,2.2913256955810146,10100,12625000.0,22.84971,5.2175465,2958343168.0,-0.818,11.998,19.517,53.83,,,
2025-08-05,1222.0,-2.239999999999997,7100,8676200.0,22.84971,5.2175465,2958343168.0,-0.818,11.998,19.517,53.83,,,
2025-08-06,1231.0,0.7364975450081745,3600,4431600.0,22.84971,5.2175465,2958343168.0,-0.818,11.998,19.517,53.83,,,
2025-08-07,1325.0,7.636068237205529,24400,32330000.0,22.84971,5.2175465,2958343168.0,-0.818,11.998,19.517,53.83,,,
2025-08-08,1242.0,-6.2641509433962295,35800,44463600.0,22.84971,5.2175465,2958343168.0,-0.818,11.998,19.517,53.83,,,
2025-08-12,1227.0,-1.2077294685990392,13000,15951000.0,22.84971,5.2175465,2958343168.0,-0.818,11.998,19.517,53.83,,,
2025-08-13,1228.0,0.0814995925020323,7200,8841600.0,22.84971,5.2175465,2958343168.0,-0.818,11.998,19.517,53.83,,,
2025-08-14,1241.0,1.0586319218240936,4700,5832700.0,22.84971,5.2175465,2958343168.0,-0.818,11.998,19.517,53.83,,,
2025-08-15,1223.0,-1.4504431909750148,4500,5503500.0,22.84971,5.2175465,2958343168.0,-0.818,11.998,19.517,53.83,,,
2025-08-18,1226.0,0.2452984464431651,5600,6865600.0,22.84971,5.2175465,2958343168.0,-0.818,11.998,19.517,53.83,,,
2025-08-19,1226.0,0.0,1400,1716400.0,22.84971,5.2175465,2958343168.0,-0.818,11.998,19.517,53.83,,,
2025-08-20,1228.0,0.1631321370309857,1700,2087600.0,22.84971,5.2175465,2958343168.0,-0.818,11.998,19.517,53.83,,,
2025-08-21,1232.0,0.3257328990228014,2600,3203200.0,22.84971,5.2175465,2958343168.0,-0.818,11.998,19.517,53.83,,,
2025-08-22,1234.0,0.1623376623376637,3600,4442400.0,22.84971,5.2175465,2958343168.0,-0.818,11.998,19.517,53.83,,,
2025-08-25,1277.0,3.4846029173419835,9500,12131500.0,22.84971,5.2175465,2958343168.0,-0.818,11.998,19.517,53.83,,,
2025-08-26,1288.0,0.8613938919342257,7300,9402400.0,22.84971,5.2175465,2958343168.0,-0.818,11.998,19.517,53.83,,,
2025-08-27,1232.0,-4.347826086956519,10300,12689600.0,22.84971,5.2175465,2958343168.0,-0.818,11.998,19.517,53.83,,,
2025-08-28,1255.0,1.8668831168831224,6400,8032000.0,22.84971,5.2175465,2958343168.0,-0.818,11.998,19.517,53.83,,,
2025-08-29,1231.0,-1.9123505976095576,3300,4062300.0,22.84971,5.2175465,2958343168.0,-0.818,11.998,19.517,53.83,,,
2025-09-01,1244.0,1.0560519902518273,4400,5473600.0,22.84971,5.2175465,2958343168.0,-0.818,11.998,19.517,53.83,,,
2025-09-02,1248.0,0.3215434083601254,2400,2995200.0,22.84971,5.2175465,2958343168.0,-0.818,11.998,19.517,53.83,,,
2025-09-03,1214.0,-2.724358974358976,8800,10683200.0,22.84971,5.2175465,2958343168.0,-0.818,11.998,19.517,53.83,,,
2025-09-04,1203.0,-0.906095551894559,4800,5774400.0,22.84971,5.2175465,2958343168.0,-0.818,11.998,19.517,53.83,,,
2025-09-05,1221.0,1.4962593516209433,4000,4884000.0,22.84971,5.2175465,2958343168.0,-0.818,11.998,19.517,53.83,,,
2025-09-08,1217.0,-0.3276003276003303,3900,4746300.0,22.84971,5.2175465,2958343168.0,-0.818,11.998,19.517,53.83,,,
2025-09-09,1217.0,0.0,1400,1703800.0,22.84971,5.2175465,2958343168.0,-0.818,11.998,19.517,53.83,,,
2025-09-10,1191.0,-2.1364009860312283,17100,20366100.0,22.84971,5.2175465,2958343168.0,-0.818,11.998,19.517,53.83,,,
2025-09-11,1181.0,-0.8396305625524736,5100,6023100.0,22.84971,5.2175465,2958343168.0,-0.818,11.998,19.517,53.83,,,
2025-09-12,1179.0,-0.1693480101608857,2900,3419100.0,22.84971,5.2175465,2958343168.0,-0.818,11.998,19.517,53.83,,,
2025-09-16,1167.0,-1.0178117048346036,5500,6418500.0,22.84971,5.2175465,2958343168.0,-0.818,11.998,19.517,53.83,,,
2025-09-17,1175.0,0.6855184233076184,6600,7755000.0,22.84971,5.2175465,2958343168.0,-0.818,11.998,19.517,53.83,,,
2025-09-18,1140.0,-2.9787234042553234,11400,12996000.0,22.84971,5.2175465,2958343168.0,-0.818,11.998,19.517,53.83,,,
2025-09-19,1149.0,0.7894736842105177,3500,4021500.0,22.84971,5.2175465,2958343168.0,-0.818,11.998,19.517,53.83,,,
2025-09-22,1150.0,0.0870322019147051,3200,3680000.0,22.84971,5.2175465,2958343168.0,-0.818,11.998,19.517,53.83,,,
2025-09-24,1157.0,0.6086956521739184,7900,9140300.0,22.84971,5.2175465,2958343168.0,-0.818,11.998,19.517,53.83,,,
2025-09-25,1175.0,1.5557476231633505,5700,6697500.0,22.84971,5.2175465,2958343168.0,-0.818,11.998,19.517,53.83,,,
2025-09-26,1171.0,-0.3404255319148896,6600,7728600.0,22.84971,5.2175465,2958343168.0,-0.818,11.998,19.517,53.83,,,
2025-09-29,1148.0,-1.964133219470543,8000,9184000.0,22.84971,5.2175465,2958343168.0,-0.818,11.998,19.517,53.83,,,
2025-09-30,1155.0,0.6097560975609762,1000,1155000.0,22.84971,5.2175465,2958343168.0,-0.818,11.998,19.517,53.83,,,
2025-10-01,1139.0,-1.3852813852813894,1000,1139000.0,22.84971,5.2175465,2958343168.0,-0.818,11.998,19.517,53.83,,,
2025-10-02,1134.0,-0.4389815627743654,3600,4082400.0,22.84971,5.2175465,2958343168.0,-0.818,11.998,19.517,53.83,,,
2025-10-03,1112.0,-1.940035273368612,2800,3113600.0,22.84971,5.2175465,2958343168.0,-0.818,11.998,19.517,53.83,,,
2025-10-06,1090.0,-1.9784172661870487,4900,5341000.0,22.84971,5.2175465,2958343168.0,-0.818,11.998,19.517,53.83,,,
2025-10-07,1097.0,0.6422018348623881,2300,2523100.0,22.84971,5.2175465,2958343168.0,-0.818,11.998,19.517,53.83,,,
2025-10-08,1094.0,-0.273473108477662,1800,1969200.0,22.84971,5.2175465,2958343168.0,-0.818,11.998,19.517,53.83,,,
2025-10-09,1078.0,-1.4625228519195566,1500,1617000.0,22.84971,5.2175465,2958343168.0,-0.818,11.998,19.517,53.83,,,
2025-10-10,1066.0,-1.1131725417439675,4900,5223400.0,22.84971,5.2175465,2958343168.0,-0.818,11.998,19.517,53.83,,,
2025-10-14,1079.0,1.2195121951219523,2600,2805400.0,22.84971,5.2175465,2958343168.0,-0.818,11.998,19.517,53.83,,,
2025-10-15,1088.0,0.8341056533827551,3400,3699200.0,22.84971,5.2175465,2958343168.0,-0.818,11.998,19.517,53.83,,,
2025-10-16,1088.0,0.0,400,435200.0,22.84971,5.2175465,2958343168.0,-0.818,11.998,19.517,53.83,,,
2025-10-17,1068.0,-1.838235294117652,500,534000.0,22.84971,5.2175465,2958343168.0,-0.818,11.998,19.517,53.83,,,
2025-10-20,1068.0,0.0,3200,3417600.0,22.84971,5.2175465,2958343168.0,-0.818,11.998,19.517,53.83,,,
2025-10-21,1120.0,4.868913857677892,12500,14000000.0,22.84971,5.2175465,2958343168.0,-0.818,11.998,19.517,53.83,,,
2025-10-22,1106.0,-1.2499999999999956,3500,3871000.0,22.84971,5.2175465,2958343168.0,-0.818,11.998,19.517,53.83,,,
2025-10-23,1083.0,-2.07956600361664,4200,4548600.0,22.84971,5.2175465,2958343168.0,-0.818,11.998,19.517,53.83,,,
2025-10-24,1118.0,3.2317636195752453,3800,4248400.0,22.84971,5.2175465,2958343168.0,-0.818,11.998,19.517,53.83,,,
2025-10-27,1105.0,-1.162790697674421,4500,4972500.0,22.84971,5.2175465,2958343168.0,-0.818,11.998,19.517,53.83,,,
2025-10-28,1110.0,0.4524886877828038,1100,1221000.0,22.84971,5.2175465,2958343168.0,-0.818,11.998,19.517,53.83,,,
2025-10-29,1104.0,-0.540540540540535,500,552000.0,22.84971,5.2175465,2958343168.0,-0.818,11.998,19.517,53.83,,,
2025-10-30,1101.0,-0.2717391304347782,900,990900.0,22.84971,5.2175465,2958343168.0,-0.818,11.998,19.517,53.83,,,
2025-10-31,1091.0,-0.9082652134423276,2200,2400200.0,22.84971,5.2175465,2958343168.0,-0.818,11.998,19.517,53.83,,,
2025-11-04,1120.0,2.658111824014675,2900,3248000.0,22.84971,5.2175465,2958343168.0,-0.818,11.998,19.517,53.83,,,
2025-11-05,1115.0,-0.4464285714285698,2600,2899000.0,22.84971,5.2175465,2958343168.0,-0.818,11.998,19.517,53.83,,,
2025-11-06,1120.0,0.4484304932735439,1300,1456000.0,22.84971,5.2175465,2958343168.0,-0.818,11.998,19.517,53.83,,,
2025-11-07,1123.0,0.267857142857153,700,786100.0,22.84971,5.2175465,2958343168.0,-0.818,11.998,19.517,53.83,,,
2025-11-10,1111.0,-1.0685663401602818,1300,1444300.0,22.84971,5.2175465,2958343168.0,-0.818,11.998,19.517,53.83,,,
2025-11-11,1117.0,0.5400540054005365,5100,5696700.0,22.84971,5.2175465,2958343168.0,-0.818,11.998,19.517,53.83,,,
2025-11-12,1161.0,3.93912264995524,8600,9984600.0,22.84971,5.2175465,2958343168.0,-0.818,11.998,19.517,53.83,,,
2025-11-13,1148.0,-1.1197243755383337,8700,9987600.0,22.84971,5.2175465,2958343168.0,-0.818,11.998,19.517,53.83,,,
2025-11-14,1035.0,-9.843205574912892,31400,32499000.0,22.84971,5.2175465,2958343168.0,-0.818,11.998,19.517,53.83,,,
2025-11-17,997.0,-3.671497584541061,14400,14356800.0,22.84971,5.2175465,2958343168.0,-0.818,11.998,19.517,53.83,,,
2025-11-18,961.0,-3.6108324974924777,12900,12396900.0,22.84971,5.2175465,2958343168.0,-0.818,11.998,19.517,53.83,,,
2025-11-19,962.0,0.1040582726326677,7500,7215000.0,22.84971,5.2175465,2958343168.0,-0.818,11.998,19.517,53.83,,,
2025-11-20,940.0,-2.286902286902281,13600,12784000.0,22.84971,5.2175465,2958343168.0,-0.818,11.998,19.517,53.83,,,
2025-11-21,959.0,2.02127659574467,6500,6233500.0,22.84971,5.2175465,2958343168.0,-0.818,11.998,19.517,53.83,,,
2025-11-25,956.0,-0.3128258602711153,3200,3059200.0,22.84971,5.2175465,2958343168.0,-0.818,11.998,19.517,53.83,,,
2025-11-26,958.0,0.2092050209204998,4000,3832000.0,22.84971,5.2175465,2958343168.0,-0.818,11.998,19.517,53.83,,,
2025-11-27,992.0,3.5490605427974886,5100,5059200.0,22.84971,5.2175465,2958343168.0,-0.818,11.998,19.517,53.83,,,
2025-11-28,965.0,-2.7217741935483875,9600,9264000.0,22.84971,5.2175465,2958343168.0,-0.818,11.998,19.517,53.83,,,
2025-12-01,952.0,-1.3471502590673534,6600,6283200.0,22.84971,5.2175465,2958343168.0,-0.818,11.998,19.517,53.83,,,
2025-12-02,939.0,-1.36554621848739,4900,4601100.0,22.84971,5.2175465,2958343168.0,-0.818,11.998,19.517,53.83,,,
2025-12-03,910.0,-3.088391906283283,9500,8645000.0,22.84971,5.2175465,2958343168.0,-0.818,11.998,19.517,53.83,,,
2025-12-04,911.0,0.1098901098901095,10900,9929900.0,22.84971,5.2175465,2958343168.0,-0.818,11.998,19.517,53.83,,,
2025-12-05,901.0,-1.0976948408342513,3200,2883200.0,22.84971,5.2175465,2958343168.0,-0.818,11.998,19.517,53.83,,,
2025-12-08,904.0,0.3329633740288606,13800,12475200.0,22.84971,5.2175465,2958343168.0,-0.818,11.998,19.517,53.83,,,
2025-12-09,906.0,0.2212389380531032,3900,3533400.0,22.84971,5.2175465,2958343168.0,-0.818,11.998,19.517,53.83,,,
2025-12-10,967.0,6.732891832229582,18100,17502700.0,22.84971,5.2175465,2958343168.0,-0.818,11.998,19.517,53.83,,,
2025-12-11,999.0,3.3092037228541926,8700,8691300.0,22.84971,5.2175465,2958343168.0,-0.818,11.998,19.517,53.83,,,
2025-12-12,981.0,-1.8018018018018056,5400,5297400.0,22.84971,5.2175465,2958343168.0,-0.818,11.998,19.517,53.83,,,
2025-12-15,998.0,1.7329255861366022,5900,5888200.0,22.84971,5.2175465,2958343168.0,-0.818,11.998,19.517,53.83,,,
2025-12-16,1022.0,2.40480961923848,6500,6643000.0,22.84971,5.2175465,2958343168.0,-0.818,11.998,19.517,53.83,,,
2025-12-17,1002.0,-1.9569471624266144,3800,3807600.0,22.84971,5.2175465,2958343168.0,-0.818,11.998,19.517,53.83,,,
2025-12-18,1015.0,1.2974051896207597,3500,3552500.0,22.84971,5.2175465,2958343168.0,-0.818,11.998,19.517,53.83,,,
2025-12-19,1039.0,2.364532019704435,7200,7480800.0,22.84971,5.2175465,2958343168.0,-0.818,11.998,19.517,53.83,,,
2025-12-22,1010.0,-2.791145332050049,3500,3535000.0,22.84971,5.2175465,2958343168.0,-0.818,11.998,19.517,53.83,,,
2025-12-23,1021.0,1.08910891089109,5300,5411300.0,22.84971,5.2175465,2958343168.0,-0.818,11.998,19.517,53.83,,,
2025-12-24,1015.0,-0.5876591576885359,7200,7308000.0,22.84971,5.2175465,2958343168.0,-0.818,11.998,19.517,53.83,,,
2025-12-25,1022.0,0.6896551724137945,9700,9913400.0,22.84971,5.2175465,2958343168.0,-0.818,11.998,19.517,53.83,,,
2025-12-26,1022.0,0.0,6200,6336400.0,22.84971,5.2175465,2958343168.0,-0.818,11.998,19.517,53.83,,,
2025-12-29,1092.0,6.849315068493156,14500,15834000.0,22.84971,5.2175465,2958343168.0,-0.818,11.998,19.517,53.83,,,
2025-12-30,1102.0,0.9157509157509124,9700,10689400.0,22.84971,5.2175465,2958343168.0,-0.818,11.998,19.517,53.83,,,
2026-01-05,1089.0,-1.1796733212341204,10900,11870100.0,22.84971,5.2175465,2958343168.0,-0.818,11.998,19.517,53.83,,,
2026-01-06,1128.0,3.581267217630857,10700,12069600.0,22.84971,5.2175465,2958343168.0,-0.818,11.998,19.517,53.83,,,
2026-01-07,1132.0,0.3546099290780091,5900,6678800.0,22.84971,5.2175465,2958343168.0,-0.818,11.998,19.517,53.83,,,
2026-01-08,1219.0,7.685512367491176,30800,37545200.0,22.84971,5.2175465,2958343168.0,-0.818,11.998,19.517,53.83,,,
2026-01-09,1216.0,-0.2461033634126308,10200,12403200.0,22.84971,5.2175465,2958343168.0,-0.818,11.998,19.517,53.83,,,
2026-01-13,1212.0,-0.3289473684210509,9300,11271600.0,22.84971,5.2175465,2958343168.0,-0.818,11.998,19.517,53.83,,,
2026-01-14,1205.0,-0.5775577557755818,10800,13014000.0,22.84971,5.2175465,2958343168.0,-0.818,11.998,19.517,53.83,,,
2026-01-15,1222.0,1.4107883817427336,5300,6476600.0,22.84971,5.2175465,2958343168.0,-0.818,11.998,19.517,53.83,,,
2026-01-16,1222.0,0.0,3700,4521400.0,22.84971,5.2175465,2958343168.0,-0.818,11.998,19.517,53.83,,,
2026-01-19,1215.0,-0.5728314238952592,5700,6925500.0,22.84971,5.2175465,2958343168.0,-0.818,11.998,19.517,53.83,,,
2026-01-20,1254.0,3.209876543209877,7500,9405000.0,22.84971,5.2175465,2958343168.0,-0.818,11.998,19.517,53.83,,,
2026-01-21,1270.0,1.2759170653907417,10000,12700000.0,22.84971,5.2175465,2958343168.0,-0.818,11.998,19.517,53.83,,,
2026-01-22,1251.0,-1.4960629921259794,7800,9757800.0,22.84971,5.2175465,2958343168.0,-0.818,11.998,19.517,53.83,,,
2026-01-23,1237.0,-1.1191047162270151,3700,4576900.0,22.84971,5.2175465,2958343168.0,-0.818,11.998,19.517,53.83,,,
2026-01-26,1228.0,-0.7275666936135794,2000,2456000.0,22.84971,5.2175465,2958343168.0,-0.818,11.998,19.517,53.83,,,
2026-01-27,1229.0,0.0814332247556892,7000,8603000.0,22.84971,5.2175465,2958343168.0,-0.818,11.998,19.517,53.83,,,
2026-01-28,1256.0,2.196908055329528,3600,4521600.0,22.84971,5.2175465,2958343168.0,-0.818,11.998,19.517,53.83,,,
2026-01-29,1259.0,0.2388535031847105,8300,10449700.0,22.84971,5.2175465,2958343168.0,-0.818,11.998,19.517,53.83,,,
2026-01-30,1260.0,0.0794281175536149,2700,3402000.0,22.84971,5.2175465,2958343168.0,-0.818,11.998,19.517,53.83,,,
2026-02-02,1269.0,0.7142857142857117,4700,5964300.0,22.84971,5.2175465,2958343168.0,-0.818,11.998,19.517,53.83,,,
2026-02-03,1269.0,0.0,100,126900.0,22.84971,5.2175465,2958343168.0,-0.818,11.998,19.517,53.83,,,
2026-02-04,1269.0,0.0,5900,7487100.0,22.84971,5.2175465,2958343168.0,-0.818,11.998,19.517,53.83,,,
2026-02-05,1263.0,-0.4728132387706862,3500,4420500.0,22.84971,5.2175465,2958343168.0,-0.818,11.998,19.517,53.83,,,
2026-02-06,1263.0,0.0,1300,1641900.0,22.84971,5.2175465,2958343168.0,-0.818,11.998,19.517,53.83,,,
2026-02-09,1141.0,-9.65954077593032,6400,7302400.0,22.84971,5.2175465,2958343168.0,-0.818,11.998,19.517,53.83,,,
2026-02-10,1133.0,-0.7011393514461006,7600,8610800.0,22.84971,5.2175465,2958343168.0,-0.818,11.998,19.517,53.83,,,
2026-02-12,1165.0,2.824360105913515,9100,10601500.0,22.84971,5.2175465,2958343168.0,-0.818,11.998,19.517,53.83,,,
2026-02-13,1207.0,3.605150214592268,10700,12914900.0,22.84971,5.2175465,2958343168.0,-0.818,11.998,19.517,53.83,,,
2026-02-16,1230.0,0.0,8200,10086000.0,,,,,,,,1208.0,1230.0,1183.0
2026-02-17,1274.0,3.577235772357734,6600,8408400.0,,,,,,,,1230.0,1275.0,1220.0
2026-02-18,1274.0,0.0,4300,5478200.0,,,,,,,,1269.0,1274.0,1264.0
