日期,股票代码,开盘,收盘,最高,最低,成交量,成交额,振幅,涨跌幅,涨跌额,换手率
2018-02-01,600242,15.54,15.54,15.94,15.54,20725,32279632.0,2.32,-10.02,-1.73,0.73
2018-02-02,600242,13.99,14.02,14.88,13.99,119801,169236227.0,5.73,-9.78,-1.52,4.2
2018-02-05,600242,13.6,13.51,14.15,13.03,61554,82854342.0,7.99,-3.64,-0.51,2.16
2018-02-06,600242,13.36,13.47,14.16,13.03,54592,73909083.0,8.36,-0.3,-0.04,1.91
2018-02-07,600242,13.7,12.72,13.85,12.22,60402,77716349.0,12.1,-5.57,-0.75,2.12
2018-02-08,600242,12.71,12.43,12.98,12.19,46528,58321544.0,6.21,-2.28,-0.29,1.63
2018-02-09,600242,12.01,12.81,12.9,11.19,132733,154488309.0,13.76,3.06,0.38,4.65
2018-02-12,600242,12.7,13.61,14.01,12.57,96060,128451349.0,11.24,6.25,0.8,3.37
2018-02-13,600242,13.47,13.9,14.14,13.46,75793,104768818.0,5.0,2.13,0.29,2.66
2018-02-14,600242,13.75,14.89,15.18,13.75,66028,97253736.0,10.29,7.12,0.99,2.31
2018-02-22,600242,14.98,14.9,15.45,14.68,47351,71119117.0,5.17,0.07,0.01,1.66
2018-02-23,600242,15.1,15.06,15.49,14.81,50122,76002176.0,4.56,1.07,0.16,1.76
2018-02-26,600242,15.06,15.14,15.44,14.91,34108,51465620.0,3.52,0.53,0.08,1.2
2018-02-27,600242,15.2,15.07,15.35,14.81,37792,56817379.0,3.57,-0.46,-0.07,1.32
2018-02-28,600242,14.84,15.08,15.18,14.84,25253,37948310.0,2.26,0.07,0.01,0.89
2018-03-01,600242,15.01,15.1,15.18,14.95,27823,41946725.0,1.53,0.13,0.02,0.98
2018-03-02,600242,14.61,15.09,15.15,14.3,35825,53526785.0,5.63,-0.07,-0.01,1.26
2018-03-05,600242,15.12,15.1,15.15,14.87,21127,31706022.0,1.86,0.07,0.01,0.74
2018-03-06,600242,15.15,15.82,16.1,14.97,51061,79079142.0,7.48,4.77,0.72,1.79
2018-03-07,600242,15.7,15.43,16.4,15.32,39851,63275809.0,6.83,-2.47,-0.39,1.4
2018-03-08,600242,15.46,15.28,15.59,15.21,20048,30702281.0,2.46,-0.97,-0.15,0.7
2018-03-09,600242,15.0,15.35,15.59,15.0,17125,26314232.0,3.86,0.46,0.07,0.6
2018-03-12,600242,15.29,15.47,15.86,15.29,21534,33520401.0,3.71,0.78,0.12,0.75
2018-03-13,600242,15.33,15.5,15.62,15.33,23816,36875271.0,1.87,0.19,0.03,0.83
2018-03-14,600242,15.46,15.58,15.7,15.35,29672,46070672.0,2.26,0.52,0.08,1.04
2018-03-15,600242,15.5,15.42,15.63,15.19,21068,32491527.0,2.82,-1.03,-0.16,0.74
2018-03-16,600242,15.45,15.52,15.55,15.25,14636,22542252.0,1.95,0.65,0.1,0.51
2018-03-19,600242,15.5,15.64,16.1,15.5,21222,33557324.0,3.87,0.77,0.12,0.74
2018-03-20,600242,15.43,15.65,15.68,15.2,19999,30865372.0,3.07,0.06,0.01,0.7
2018-03-21,600242,15.71,15.4,15.75,15.39,14341,22365961.0,2.3,-1.6,-0.25,0.5
2018-03-22,600242,15.4,15.4,15.68,15.24,14524,22402390.0,2.86,0.0,0.0,0.51
2018-03-23,600242,15.01,15.04,15.26,14.44,34520,51433715.0,5.32,-2.34,-0.36,1.21
2018-03-26,600242,15.03,15.05,15.08,14.09,25638,37478496.0,6.58,0.07,0.01,0.9
2018-03-27,600242,15.14,15.64,16.0,15.0,43536,67846472.0,6.64,3.92,0.59,1.53
2018-03-28,600242,15.3,15.43,15.9,15.14,33111,51516530.0,4.86,-1.34,-0.21,1.16
2018-03-29,600242,15.34,15.4,15.76,15.33,17208,26614939.0,2.79,-0.19,-0.03,0.6
2018-03-30,600242,15.45,15.42,15.61,15.36,22863,35390508.0,1.62,0.13,0.02,0.8
2018-04-02,600242,15.62,15.38,15.62,15.28,20192,31212172.0,2.2,-0.26,-0.04,0.71
2018-04-03,600242,15.37,15.1,15.37,14.85,24230,36367638.0,3.38,-1.82,-0.28,0.85
2018-04-04,600242,15.26,14.86,15.26,14.8,14592,21919964.0,3.05,-1.59,-0.24,0.51
2018-04-09,600242,14.61,14.7,14.97,14.5,14214,20913427.0,3.16,-1.08,-0.16,0.5
2018-04-10,600242,14.67,14.79,14.93,14.57,13977,20609115.0,2.45,0.61,0.09,0.49
2018-04-11,600242,14.95,14.95,15.16,14.89,19249,28854999.0,1.83,1.08,0.16,0.67
2018-04-12,600242,15.03,14.85,15.1,14.82,15827,23718375.0,1.87,-0.67,-0.1,0.55
2018-04-13,600242,14.98,14.78,14.98,14.58,14796,21748943.0,2.69,-0.47,-0.07,0.52
2018-04-16,600242,14.85,14.52,14.85,14.37,14291,20745667.0,3.25,-1.76,-0.26,0.5
2018-04-17,600242,14.69,14.43,14.7,14.01,16921,24198338.0,4.75,-0.62,-0.09,0.59
2018-04-18,600242,14.6,14.31,14.6,14.1,16639,23793324.0,3.47,-0.83,-0.12,0.58
2018-04-19,600242,14.4,14.3,14.6,14.15,26843,38647781.0,3.14,-0.07,-0.01,0.94
2018-04-20,600242,14.16,13.76,14.16,13.61,27929,38644282.0,3.85,-3.78,-0.54,0.98
2018-04-23,600242,13.85,13.7,13.85,13.53,14710,20065511.0,2.33,-0.44,-0.06,0.52
2018-04-24,600242,13.77,13.77,13.8,13.49,14007,19149951.0,2.26,0.51,0.07,0.49
2018-04-25,600242,13.71,13.77,13.91,13.67,11304,15570034.0,1.74,0.0,0.0,0.37
2018-04-26,600242,13.45,14.53,14.96,13.45,31229,44211920.0,10.97,5.52,0.76,1.03
2018-04-27,600242,14.35,14.04,14.58,13.99,28963,41439380.0,4.06,-3.37,-0.49,0.95
2018-05-02,600242,13.5,14.09,14.22,13.5,19554,26729181.0,5.13,0.36,0.05,0.64
2018-05-03,600242,14.22,14.04,14.22,13.79,14209,19955556.0,3.05,-0.35,-0.05,0.47
2018-05-04,600242,14.04,13.91,14.35,13.76,17947,25340035.0,4.2,-0.93,-0.13,0.59
2018-05-07,600242,14.1,13.94,14.1,13.88,12764,17826826.0,1.58,0.22,0.03,0.42
2018-05-08,600242,13.99,13.94,13.99,13.76,11089,15361700.0,1.65,0.0,0.0,0.37
2018-05-09,600242,13.88,13.74,13.88,13.67,11713,16121539.0,1.51,-1.43,-0.2,0.39
2018-05-10,600242,13.76,13.7,13.78,13.65,18215,24966034.0,0.95,-0.29,-0.04,0.6
2018-05-11,600242,13.69,13.72,13.87,13.51,18930,25918184.0,2.63,0.15,0.02,0.62
2018-05-14,600242,13.73,13.65,13.73,13.51,12041,16403754.0,1.6,-0.51,-0.07,0.4
2018-05-15,600242,13.66,13.61,13.66,13.49,8912,12070679.0,1.25,-0.29,-0.04,0.29
2018-05-16,600242,13.49,14.01,14.46,13.46,35742,49636121.0,7.35,2.94,0.4,1.18
2018-05-17,600242,13.9,13.68,14.19,13.66,21314,29725643.0,3.78,-2.36,-0.33,0.7
2018-05-18,600242,13.76,13.68,13.76,13.51,17346,23565864.0,1.83,0.0,0.0,0.57
2018-05-21,600242,13.58,13.67,13.88,13.52,9463,12929284.0,2.63,-0.07,-0.01,0.31
2018-05-22,600242,13.63,13.61,13.81,13.42,14961,20432312.0,2.85,-0.44,-0.06,0.49
2018-05-23,600242,13.6,13.68,13.72,13.53,28894,39324573.0,1.4,0.51,0.07,0.95
2018-05-24,600242,13.73,13.67,13.96,13.58,18067,24802954.0,2.78,-0.07,-0.01,0.6
2018-05-25,600242,13.52,14.18,14.29,13.52,44491,62239380.0,5.63,3.73,0.51,1.47
2018-05-28,600242,14.09,14.63,14.99,14.01,45869,67339048.0,6.91,3.17,0.45,1.51
2018-05-29,600242,14.54,14.56,15.23,14.31,49656,73745540.0,6.29,-0.48,-0.07,1.64
2018-05-30,600242,14.42,14.02,14.42,13.87,22399,31402675.0,3.78,-3.71,-0.54,0.74
2018-05-31,600242,14.14,13.98,14.27,13.9,17759,24955131.0,2.64,-0.29,-0.04,0.59
2018-06-01,600242,13.9,13.91,14.04,13.71,11166,15506294.0,2.36,-0.5,-0.07,0.37
2018-06-04,600242,13.91,14.31,14.43,13.62,17981,25329786.0,5.82,2.88,0.4,0.59
2018-06-05,600242,14.3,14.24,14.52,14.09,25110,35883228.0,3.0,-0.49,-0.07,0.83
2018-06-06,600242,14.24,14.08,14.29,13.84,27262,38223530.0,3.16,-1.12,-0.16,0.9
2018-06-07,600242,14.08,13.9,14.08,13.81,14293,19880428.0,1.92,-1.28,-0.18,0.47
2018-06-08,600242,14.02,13.83,14.02,13.76,8939,12379633.0,1.87,-0.5,-0.07,0.29
2018-06-11,600242,13.77,13.76,13.86,13.58,10545,14452655.0,2.02,-0.51,-0.07,0.35
2018-06-12,600242,13.8,13.7,13.83,13.61,6433,8812807.0,1.6,-0.44,-0.06,0.21
2018-06-13,600242,13.7,13.81,13.87,13.58,9964,13614326.0,2.12,0.8,0.11,0.33
2018-06-14,600242,13.82,13.72,13.98,13.64,7984,10987117.0,2.46,-0.65,-0.09,0.26
2018-06-15,600242,13.79,13.75,13.83,13.56,9386,12841933.0,1.97,0.22,0.03,0.31
2018-06-19,600242,13.77,13.62,13.96,13.4,28984,39402364.0,4.07,-0.95,-0.13,0.96
2018-06-20,600242,13.6,13.62,13.81,12.85,15727,21334268.0,7.05,0.0,0.0,0.52
2018-06-21,600242,13.66,13.46,13.98,13.42,17274,23758904.0,4.11,-1.17,-0.16,0.57
2018-06-22,600242,13.6,13.69,13.77,13.42,21969,29986992.0,2.6,1.71,0.23,0.72
2018-06-25,600242,13.8,13.73,13.84,13.62,8833,12088649.0,1.61,0.29,0.04,0.29
2018-06-26,600242,13.8,13.68,13.8,13.6,9190,12581249.0,1.46,-0.36,-0.05,0.3
2018-06-27,600242,13.76,13.65,13.76,13.6,7208,9861885.0,1.17,-0.22,-0.03,0.24
2018-06-28,600242,13.64,13.63,13.68,13.53,14760,20072930.0,1.1,-0.15,-0.02,0.49
2018-06-29,600242,13.63,13.93,14.13,13.62,16139,22485243.0,3.74,2.2,0.3,0.53
2018-07-02,600242,13.93,13.73,14.06,13.66,8606,11854707.0,2.87,-1.44,-0.2,0.28
2018-07-03,600242,13.75,13.78,13.98,13.56,15377,21200642.0,3.06,0.36,0.05,0.51
2018-07-04,600242,13.77,13.69,13.89,13.59,9632,13183177.0,2.18,-0.65,-0.09,0.32
2018-07-05,600242,13.69,13.65,13.85,13.56,7533,10280014.0,2.12,-0.29,-0.04,0.25
2018-07-06,600242,13.7,13.65,13.74,13.59,6234,8512736.0,1.1,0.0,0.0,0.21
2018-07-09,600242,13.65,13.71,13.77,13.62,5403,7378598.0,1.1,0.44,0.06,0.18
2018-07-10,600242,13.71,13.63,13.74,13.59,5012,6838595.0,1.09,-0.58,-0.08,0.17
2018-07-11,600242,13.63,13.46,13.69,13.45,14117,19173155.0,1.76,-1.25,-0.17,0.47
2018-07-12,600242,13.47,13.47,13.63,13.43,11003,14865004.0,1.49,0.07,0.01,0.36
2018-07-13,600242,13.47,13.43,13.59,13.4,12082,16335113.0,1.41,-0.3,-0.04,0.4
2018-07-16,600242,13.43,13.36,13.5,13.28,9302,12405700.0,1.64,-0.52,-0.07,0.31
2018-07-17,600242,13.37,13.25,13.43,13.22,8720,11571727.0,1.57,-0.82,-0.11,0.29
2018-07-18,600242,13.4,13.26,13.43,13.21,7395,9830096.0,1.66,0.08,0.01,0.24
2018-07-19,600242,13.2,13.37,13.43,13.1,11830,15639509.0,2.49,0.83,0.11,0.39
2018-07-20,600242,13.4,13.48,13.63,13.34,7207,9668186.0,2.17,0.82,0.11,0.24
2018-07-23,600242,13.66,13.48,13.66,13.37,7125,9572089.0,2.15,0.0,0.0,0.23
2018-07-24,600242,13.48,13.46,13.49,13.4,7323,9839186.0,0.67,-0.15,-0.02,0.24
2018-07-25,600242,13.58,14.24,14.8,13.44,45199,63777827.0,10.1,5.79,0.78,1.49
2018-07-26,600242,13.8,13.8,13.95,13.34,36692,49636492.0,4.28,-3.09,-0.44,1.21
2018-07-27,600242,13.4,13.4,13.69,13.33,13367,17897163.0,2.61,-2.9,-0.4,0.44
2018-07-30,600242,13.38,13.21,13.44,13.14,8947,11835150.0,2.24,-1.42,-0.19,0.29
2018-07-31,600242,13.3,13.23,13.32,13.17,4946,6536452.0,1.14,0.15,0.02,0.16
2018-08-01,600242,13.23,13.19,13.32,13.17,6501,8579978.0,1.13,-0.3,-0.04,0.21
2018-08-02,600242,13.18,13.18,13.24,13.11,9196,12094690.0,0.99,-0.08,-0.01,0.3
2018-08-03,600242,13.2,13.2,13.21,13.14,4254,5601163.0,0.53,0.15,0.02,0.14
2018-08-06,600242,13.18,13.18,13.2,13.12,5313,6987838.0,0.61,-0.15,-0.02,0.18
2018-08-07,600242,13.21,13.28,13.29,13.07,8164,10750370.0,1.67,0.76,0.1,0.27
2018-08-08,600242,13.28,13.26,13.32,13.17,5319,7038221.0,1.13,-0.15,-0.02,0.18
2018-08-09,600242,13.25,13.34,13.4,13.24,5883,7841828.0,1.21,0.6,0.08,0.19
2018-08-10,600242,13.47,13.28,13.47,13.22,5660,7513465.0,1.87,-0.45,-0.06,0.19
2018-08-13,600242,13.28,13.31,13.38,13.23,4516,5993227.0,1.13,0.23,0.03,0.15
2018-08-14,600242,13.31,13.2,13.33,13.2,4512,5966779.0,0.98,-0.83,-0.11,0.15
2018-08-15,600242,13.2,13.13,13.26,13.1,6569,8629707.0,1.21,-0.53,-0.07,0.22
2018-08-16,600242,13.09,13.16,13.17,13.04,5774,7570233.0,0.99,0.23,0.03,0.19
2018-08-17,600242,13.25,13.11,13.25,13.06,4095,5367544.0,1.44,-0.38,-0.05,0.13
2018-08-20,600242,13.15,13.1,13.15,13.04,3562,4650856.0,0.84,-0.08,-0.01,0.12
2018-08-21,600242,13.1,13.12,13.14,13.05,3235,4233957.0,0.69,0.15,0.02,0.11
2018-08-22,600242,13.12,13.07,13.12,13.04,3655,4778597.0,0.61,-0.38,-0.05,0.12
2018-08-23,600242,13.07,13.09,13.13,13.04,6265,8191021.0,0.69,0.15,0.02,0.21
2018-08-24,600242,13.09,13.07,13.15,13.04,10900,14238786.0,0.84,-0.15,-0.02,0.36
2018-08-27,600242,13.07,13.09,13.11,13.03,4601,6011569.0,0.61,0.15,0.02,0.15
2018-08-28,600242,13.11,13.11,13.17,13.03,3644,4762343.0,1.07,0.15,0.02,0.12
2018-08-29,600242,13.1,13.11,13.12,13.06,4063,5320533.0,0.46,0.0,0.0,0.13
2018-08-30,600242,13.11,13.19,13.64,13.11,19044,25506345.0,4.04,0.61,0.08,0.63
2018-08-31,600242,13.21,13.12,13.28,13.01,4917,6426622.0,2.05,-0.53,-0.07,0.16
2018-09-03,600242,13.12,13.08,13.12,13.0,9384,12259290.0,0.91,-0.3,-0.04,0.31
2018-09-04,600242,13.1,13.13,13.15,13.04,4824,6310655.0,0.84,0.38,0.05,0.16
2018-09-05,600242,13.13,13.08,13.13,13.01,5938,7750361.0,0.91,-0.38,-0.05,0.2
2018-09-06,600242,13.08,13.12,13.15,13.0,6509,8496394.0,1.15,0.31,0.04,0.21
2018-09-07,600242,13.11,13.1,13.11,13.06,3906,5109457.0,0.38,-0.15,-0.02,0.13
2018-09-10,600242,13.1,13.09,13.1,13.0,5375,7012367.0,0.76,-0.08,-0.01,0.18
2018-09-11,600242,13.08,13.05,13.14,13.02,3136,4092563.0,0.92,-0.31,-0.04,0.1
2018-09-12,600242,13.04,13.1,13.1,12.89,17134,22243246.0,1.61,0.38,0.05,0.56
2018-09-13,600242,13.3,13.09,13.3,13.07,13662,17933282.0,1.76,-0.08,-0.01,0.45
2018-09-14,600242,13.12,13.08,13.14,13.05,13008,17039409.0,0.69,-0.08,-0.01,0.43
2018-09-17,600242,13.08,13.07,13.2,13.05,4519,5904262.0,1.15,-0.08,-0.01,0.15
2018-09-18,600242,13.07,13.15,13.15,13.03,5647,7379006.0,0.92,0.61,0.08,0.19
2018-09-19,600242,13.16,13.15,13.17,13.08,6787,8909269.0,0.68,0.0,0.0,0.22
2018-09-20,600242,13.17,13.2,13.26,13.15,12526,16559761.0,0.84,0.38,0.05,0.41
2018-09-21,600242,13.22,13.15,13.25,13.13,4181,5508360.0,0.91,-0.38,-0.05,0.14
2018-09-25,600242,13.16,13.16,13.21,13.12,2908,3826010.0,0.68,0.08,0.01,0.1
2018-09-26,600242,13.17,13.12,13.18,13.12,18942,24937709.0,0.46,-0.3,-0.04,0.62
2018-09-27,600242,13.12,13.1,13.14,13.0,5183,6766786.0,1.07,-0.15,-0.02,0.17
2018-09-28,600242,13.13,13.05,13.14,13.04,2677,3496361.0,0.76,-0.38,-0.05,0.09
2018-10-08,600242,13.05,13.04,13.11,13.01,6906,9003082.0,0.77,-0.08,-0.01,0.23
2018-10-09,600242,13.07,13.02,13.15,12.98,5195,6766516.0,1.3,-0.15,-0.02,0.17
2018-10-10,600242,13.02,12.96,13.08,12.96,6555,8520719.0,0.92,-0.46,-0.06,0.22
2018-10-11,600242,12.96,12.84,12.99,12.77,22738,29267903.0,1.7,-0.93,-0.12,0.75
2018-10-12,600242,12.88,12.85,12.99,12.8,6368,8189466.0,1.48,0.08,0.01,0.21
2018-10-15,600242,13.0,12.81,13.15,12.71,6651,8507033.0,3.42,-0.31,-0.04,0.22
2018-10-16,600242,12.81,12.8,12.85,12.7,4090,5226113.0,1.17,-0.08,-0.01,0.13
2018-10-17,600242,12.8,12.91,12.95,12.79,5573,7148120.0,1.25,0.86,0.11,0.18
2018-10-18,600242,12.9,12.81,12.91,12.79,4033,5168512.0,0.93,-0.77,-0.1,0.13
2018-10-19,600242,12.8,12.89,12.91,12.78,5158,6613057.0,1.01,0.62,0.08,0.17
2018-10-22,600242,12.94,13.15,13.47,12.86,13553,17781451.0,4.73,2.02,0.26,0.45
2018-10-23,600242,13.13,13.03,13.29,12.99,7012,9190260.0,2.28,-0.91,-0.12,0.23
2018-10-24,600242,13.11,12.97,13.11,12.97,4923,6407158.0,1.07,-0.46,-0.06,0.16
2018-10-25,600242,12.96,12.97,12.97,12.88,5380,6952293.0,0.69,0.0,0.0,0.18
2018-10-26,600242,13.1,12.99,13.13,12.99,3369,4382561.0,1.08,0.15,0.02,0.11
2018-10-29,600242,13.08,12.99,13.08,12.98,4056,5276197.0,0.77,0.0,0.0,0.13
2018-10-30,600242,13.0,13.02,13.05,12.98,3297,4285786.0,0.54,0.23,0.03,0.11
2018-10-31,600242,13.06,13.06,13.1,13.02,3229,4211062.0,0.61,0.31,0.04,0.11
2018-11-01,600242,13.08,13.17,13.46,13.06,7604,10081137.0,3.06,0.84,0.11,0.25
2018-11-02,600242,13.14,13.18,13.19,13.07,7679,10078231.0,0.91,0.08,0.01,0.25
2018-11-05,600242,13.16,13.14,13.18,13.02,5816,7608186.0,1.21,-0.3,-0.04,0.19
2018-11-06,600242,13.14,13.07,13.14,13.03,6059,7920073.0,0.84,-0.53,-0.07,0.2
2018-11-07,600242,13.07,13.08,13.17,13.05,5552,7261995.0,0.92,0.08,0.01,0.18
2018-11-08,600242,13.18,13.04,13.18,13.01,7602,9915007.0,1.3,-0.31,-0.04,0.25
2018-11-09,600242,13.04,13.04,13.09,13.0,9642,12569768.0,0.69,0.0,0.0,0.32
2018-11-12,600242,13.04,13.08,13.09,13.03,5728,7481269.0,0.46,0.31,0.04,0.19
2018-11-13,600242,13.05,13.12,13.12,13.04,7521,9832312.0,0.61,0.31,0.04,0.25
2018-11-14,600242,13.04,13.07,13.16,13.04,5318,6961796.0,0.91,-0.38,-0.05,0.18
2018-11-15,600242,13.07,13.23,13.24,13.05,10126,13292278.0,1.45,1.22,0.16,0.33
2018-11-16,600242,13.23,13.2,13.3,13.13,7396,9744722.0,1.28,-0.23,-0.03,0.24
2018-11-19,600242,13.19,13.19,13.26,13.1,15083,19846515.0,1.21,-0.08,-0.01,0.5
2018-11-20,600242,13.2,13.4,13.71,13.11,25149,33865861.0,4.55,1.59,0.21,0.83
2018-11-21,600242,13.4,13.9,14.53,13.31,33182,46506219.0,9.1,3.73,0.5,1.09
2018-11-22,600242,13.79,13.84,14.46,13.61,41640,58102691.0,6.12,-0.43,-0.06,1.37
2018-11-23,600242,13.62,13.24,13.78,13.1,23910,31975460.0,4.91,-4.34,-0.6,0.79
2018-11-26,600242,13.3,13.28,13.58,13.14,11630,15485139.0,3.32,0.3,0.04,0.38
2018-11-27,600242,13.22,13.08,13.34,12.97,15129,19768785.0,2.79,-1.51,-0.2,0.5
2018-11-28,600242,13.02,13.06,13.1,13.0,8218,10721402.0,0.76,-0.15,-0.02,0.27
2018-11-29,600242,13.06,13.04,13.28,12.94,10350,13482260.0,2.6,-0.15,-0.02,0.34
2018-11-30,600242,13.03,12.94,13.03,12.94,9899,12842243.0,0.69,-0.77,-0.1,0.33
2018-12-03,600242,13.2,13.08,13.4,13.02,16715,21982703.0,2.94,1.08,0.14,0.55
2018-12-04,600242,13.08,13.02,13.12,12.98,6545,8516836.0,1.07,-0.46,-0.06,0.22
2018-12-05,600242,12.99,13.01,13.04,12.97,6562,8527476.0,0.54,-0.08,-0.01,0.22
2018-12-06,600242,13.01,13.07,13.08,12.96,7735,10059591.0,0.92,0.46,0.06,0.25
2018-12-07,600242,13.07,13.07,13.12,13.04,9099,11910690.0,0.61,0.0,0.0,0.3
2018-12-10,600242,13.12,13.07,13.12,12.97,11613,15098391.0,1.15,0.0,0.0,0.38
2018-12-11,600242,13.07,13.88,14.08,13.0,89889,122267101.0,8.26,6.2,0.81,2.96
2018-12-12,600242,13.7,14.0,14.15,13.7,50071,70036973.0,3.24,0.86,0.12,1.65
2018-12-13,600242,14.02,14.32,14.66,13.96,72464,103251864.0,5.0,2.29,0.32,2.39
2018-12-14,600242,14.29,15.75,15.75,14.17,121686,179448209.0,11.03,9.99,1.43,4.01
2018-12-17,600242,16.7,16.2,16.7,15.34,118281,191042755.0,8.63,2.86,0.45,3.89
2018-12-18,600242,15.88,16.31,16.45,15.79,74091,119743717.0,4.07,0.68,0.11,2.44
2018-12-19,600242,16.32,17.0,17.68,16.05,113436,193292096.0,9.99,4.23,0.69,3.73
2018-12-20,600242,16.99,16.76,16.99,16.41,70210,117752652.0,3.41,-1.41,-0.24,2.31
2018-12-21,600242,16.77,16.6,16.87,16.31,36921,60993965.0,3.34,-0.95,-0.16,1.22
2018-12-24,600242,16.56,16.51,16.97,16.23,56077,93554007.0,4.46,-0.54,-0.09,1.85
2018-12-25,600242,16.55,16.38,16.62,16.11,35514,57955169.0,3.09,-0.79,-0.13,1.17
2018-12-26,600242,16.22,15.95,16.55,15.93,22474,36398283.0,3.79,-2.63,-0.43,0.74
2018-12-27,600242,16.14,15.95,16.16,15.64,30074,48043653.0,3.26,0.0,0.0,0.99
2018-12-28,600242,15.66,16.16,16.25,15.53,79612,127263065.0,4.51,1.32,0.21,2.62
2019-01-02,600242,16.16,16.29,16.66,15.75,88004,142868137.0,5.63,0.8,0.13,2.9
2019-01-03,600242,16.26,16.68,16.74,15.92,153280,252373464.0,5.03,2.39,0.39,5.05
2019-01-04,600242,16.41,18.35,18.35,16.41,188687,327325584.0,11.63,10.01,1.67,6.21
2019-01-07,600242,18.3,18.8,19.72,17.95,128112,239336225.0,9.65,2.45,0.45,4.22
2019-01-08,600242,18.33,19.0,19.72,18.33,162028,309617856.0,7.39,1.06,0.2,5.33
2019-01-09,600242,18.91,20.9,20.9,18.58,122703,248081282.0,12.21,10.0,1.9,4.04
2019-01-10,600242,21.2,19.79,21.98,18.81,301118,588723728.0,15.17,-5.31,-1.11,9.91
2019-01-11,600242,17.83,17.81,18.68,17.81,172124,307950608.0,4.4,-10.01,-1.98,5.67
2019-01-14,600242,17.49,16.52,18.45,16.03,489461,801396864.0,13.59,-7.24,-1.29,16.11
2019-01-15,600242,16.2,14.87,17.0,14.87,620755,941481408.0,12.89,-9.99,-1.65,20.44
2019-01-16,600242,14.17,13.4,14.17,13.39,492144,675899936.0,5.25,-9.89,-1.47,16.2
2019-01-17,600242,13.2,13.35,13.7,13.04,290729,389426752.0,4.93,-0.37,-0.05,9.57
2019-01-18,600242,13.28,12.86,13.36,12.81,261642,339825600.0,4.12,-3.67,-0.49,8.61
2019-01-21,600242,12.87,12.95,12.97,12.71,146847,189185324.0,2.02,0.7,0.09,4.83
2019-01-22,600242,12.91,12.58,13.06,12.45,206582,263770038.0,4.71,-2.86,-0.37,6.8
2019-01-23,600242,12.43,11.97,12.46,11.92,234557,284699360.0,4.29,-4.85,-0.61,7.72
2019-01-24,600242,12.0,11.62,12.0,11.62,179912,211583452.0,3.17,-2.92,-0.35,5.92
2019-01-25,600242,11.62,11.63,11.86,11.55,150109,175287864.0,2.67,0.09,0.01,4.94
2019-01-28,600242,11.73,11.15,11.75,11.09,184403,209276881.0,5.67,-4.13,-0.48,6.07
2019-01-29,600242,11.01,10.6,11.01,10.28,176470,187616715.0,6.55,-4.93,-0.55,5.81
2019-01-30,600242,10.43,10.18,10.74,10.16,123829,129225053.0,5.47,-3.96,-0.42,4.08
2019-01-31,600242,10.2,10.39,10.77,10.18,185304,194380218.0,5.8,2.06,0.21,6.1
2019-02-01,600242,10.51,10.46,10.53,10.3,114188,119092481.0,2.21,0.67,0.07,3.76
2019-02-11,600242,10.53,10.75,10.76,10.45,120841,128698515.0,2.96,2.77,0.29,3.98
2019-02-12,600242,10.77,11.53,11.66,10.63,259538,287716432.0,9.58,7.26,0.78,8.54
2019-02-13,600242,11.3,11.42,11.58,11.26,194670,222823447.0,2.78,-0.95,-0.11,6.41
2019-02-14,600242,11.49,11.64,11.87,11.32,198981,230989655.0,4.82,1.93,0.22,6.55
2019-02-15,600242,11.57,11.4,11.73,11.37,151905,174817290.0,3.09,-2.06,-0.24,5.0
2019-02-18,600242,11.52,11.64,11.7,11.38,153178,176961136.0,2.81,2.11,0.24,5.04
2019-02-19,600242,11.78,12.16,12.31,11.58,256925,304776240.0,6.27,4.47,0.52,8.46
2019-02-20,600242,12.0,11.88,12.12,11.75,162761,193822233.0,3.04,-2.3,-0.28,5.36
2019-02-21,600242,11.88,11.78,12.24,11.71,199851,239206362.0,4.46,-0.84,-0.1,6.58
2019-02-22,600242,11.7,11.9,11.94,11.6,164163,194488464.0,2.89,1.02,0.12,5.4
2019-02-25,600242,12.0,12.43,12.5,11.91,292925,358952352.0,4.96,4.45,0.53,9.64
2019-02-26,600242,12.36,12.11,12.37,12.06,245248,299439168.0,2.49,-2.57,-0.32,8.07
2019-02-27,600242,12.06,11.84,12.24,11.71,183655,221234981.0,4.38,-2.23,-0.27,6.05
2019-02-28,600242,11.9,12.21,12.3,11.83,180170,218705272.0,3.97,3.13,0.37,5.93
2019-03-01,600242,12.24,12.84,13.3,12.21,363021,464209008.0,8.93,5.16,0.63,11.95
2019-03-04,600242,12.58,13.07,13.26,12.41,384207,494602784.0,6.62,1.79,0.23,12.65
2019-03-05,600242,12.99,14.38,14.38,12.81,399696,546455232.0,12.01,10.02,1.31,13.16
2019-03-06,600242,14.99,14.74,15.25,14.2,454718,669360352.0,7.3,2.5,0.36,14.97
2019-03-07,600242,14.48,14.63,14.87,14.25,329050,476787392.0,4.21,-0.75,-0.11,10.83
2019-03-08,600242,14.26,14.34,15.26,13.85,343930,503707680.0,9.64,-1.98,-0.29,11.32
2019-03-11,600242,14.25,15.15,15.25,14.25,314390,464431040.0,6.97,5.65,0.81,10.35
2019-03-12,600242,15.43,14.95,15.43,14.68,312875,468958416.0,4.95,-1.32,-0.2,10.3
2019-03-13,600242,14.82,14.17,14.88,14.02,218826,315028544.0,5.75,-5.22,-0.78,7.2
2019-03-14,600242,14.01,13.11,14.02,13.01,195347,260837944.0,7.13,-7.48,-1.06,6.43
2019-03-15,600242,13.17,13.34,13.39,13.06,129317,171435738.0,2.52,1.75,0.23,4.26
2019-03-18,600242,13.37,13.59,13.6,13.11,125178,167314765.0,3.67,1.87,0.25,4.12
2019-03-19,600242,13.6,13.71,13.83,13.45,130039,177332332.0,2.8,0.88,0.12,4.28
2019-03-20,600242,13.69,13.54,13.76,13.39,111715,151503441.0,2.7,-1.24,-0.17,3.68
2019-03-21,600242,13.53,13.67,13.88,13.47,147331,201148412.0,3.03,0.96,0.13,4.85
2019-03-22,600242,13.63,13.29,13.67,13.1,129922,173019117.0,4.17,-2.78,-0.38,4.28
2019-03-25,600242,13.07,13.02,13.23,12.9,94447,123427288.0,2.48,-2.03,-0.27,3.11
2019-03-26,600242,13.1,12.28,13.18,12.2,133824,169388784.0,7.53,-5.68,-0.74,4.41
2019-03-27,600242,12.41,12.04,12.41,11.81,111866,134891546.0,4.89,-1.95,-0.24,3.68
2019-03-28,600242,12.09,12.25,12.36,12.01,105527,129216054.0,2.91,1.74,0.21,3.47
2019-03-29,600242,12.18,12.73,13.16,11.9,151374,189314160.0,10.29,3.92,0.48,4.98
2019-04-01,600242,12.83,13.1,13.28,12.73,158242,205947019.0,4.32,2.91,0.37,5.21
2019-04-02,600242,13.17,12.96,13.23,12.94,137610,179881866.0,2.21,-1.07,-0.14,4.53
2019-04-03,600242,12.9,13.11,13.12,12.78,123690,160994486.0,2.62,1.16,0.15,4.07
2019-04-04,600242,13.13,12.84,13.15,12.81,130567,168753008.0,2.59,-2.06,-0.27,4.3
2019-04-08,600242,12.84,12.68,12.94,12.4,116221,147649465.0,4.21,-1.25,-0.16,3.83
2019-04-09,600242,12.75,12.75,12.84,12.61,75352,96084652.0,1.81,0.55,0.07,2.48
2019-04-10,600242,12.77,12.58,12.77,12.43,79877,100212562.0,2.67,-1.33,-0.17,2.63
2019-04-11,600242,12.63,12.36,12.71,12.36,75499,94473077.0,2.78,-1.75,-0.22,2.49
2019-04-12,600242,12.29,12.25,12.4,12.16,58680,71949861.0,1.94,-0.89,-0.11,1.93
2019-04-15,600242,12.32,12.4,12.75,12.32,89297,111952612.0,3.51,1.22,0.15,2.94
2019-04-16,600242,12.4,12.53,12.53,12.1,73221,90116864.0,3.47,1.05,0.13,2.41
2019-04-17,600242,12.47,13.14,13.15,12.43,155945,200134191.0,5.75,4.87,0.61,5.13
2019-04-18,600242,13.01,12.75,13.13,12.73,116339,150237832.0,3.04,-2.97,-0.39,3.83
2019-04-19,600242,12.78,12.96,13.1,12.78,120899,156798778.0,2.51,1.65,0.21,3.98
2019-04-22,600242,13.04,12.92,13.25,12.76,120117,156897861.0,3.78,-0.31,-0.04,3.95
2019-04-23,600242,12.77,12.3,12.93,12.21,101049,126893426.0,5.57,-4.8,-0.62,3.33
2019-04-24,600242,12.3,12.44,12.5,12.11,66773,82410121.0,3.17,1.14,0.14,2.2
2019-04-25,600242,12.39,11.64,12.39,11.5,100148,120178674.0,7.15,-6.43,-0.8,3.3
2019-04-26,600242,11.73,11.87,12.44,11.6,92953,111485852.0,7.22,1.98,0.23,3.06
2019-04-29,600242,11.77,11.02,12.15,10.92,85170,97081573.0,10.36,-7.16,-0.85,2.8
2019-04-30,600242,11.03,11.15,11.32,11.0,46771,52278121.0,2.9,1.18,0.13,1.54
2019-05-06,600242,10.7,10.05,10.75,10.04,81669,84480318.0,6.37,-9.87,-1.1,2.69
2019-05-07,600242,10.05,10.13,10.26,9.98,49696,50284233.0,2.79,0.8,0.08,1.64
2019-05-08,600242,9.9,10.01,10.17,9.72,40887,40867501.0,4.44,-1.18,-0.12,1.35
2019-05-09,600242,9.98,10.02,10.13,9.85,32718,32855772.0,2.8,0.1,0.01,1.08
2019-05-10,600242,10.08,10.26,10.33,9.78,68226,69323989.0,5.49,2.4,0.24,2.25
2019-05-13,600242,10.15,10.2,10.4,10.1,41456,42465418.0,2.92,-0.58,-0.06,1.36
2019-05-14,600242,10.06,10.19,10.24,10.02,36006,36566099.0,2.16,-0.1,-0.01,1.19
2019-05-15,600242,10.39,10.32,10.49,10.25,57310,59250655.0,2.36,1.28,0.13,1.89
2019-05-16,600242,10.28,10.38,10.45,10.25,54474,56300813.0,1.94,0.58,0.06,1.79
2019-05-17,600242,10.38,9.97,10.56,9.9,68536,70107079.0,6.36,-3.95,-0.41,2.26
2019-05-20,600242,9.75,9.2,9.89,8.97,83606,77403841.0,9.23,-7.72,-0.77,2.75
2019-05-21,600242,9.2,9.38,9.39,9.13,54893,51210229.0,2.83,1.96,0.18,1.81
2019-05-22,600242,9.48,9.3,9.58,9.21,48491,45426907.0,3.94,-0.85,-0.08,1.6
2019-05-23,600242,9.3,9.08,9.38,9.02,44332,40749439.0,3.87,-2.37,-0.22,1.46
2019-05-24,600242,9.0,8.87,9.16,8.7,48849,43521653.0,5.07,-2.31,-0.21,1.61
2019-05-27,600242,9.08,9.76,9.76,8.93,39185,37419412.0,9.36,10.03,0.89,1.29
2019-05-28,600242,10.22,10.74,10.74,10.07,278602,294603280.0,6.86,10.04,0.98,9.17
2019-05-29,600242,10.93,10.88,11.47,10.62,341605,376823280.0,7.91,1.3,0.14,11.25
2019-05-30,600242,10.4,10.19,10.44,10.0,204317,207778036.0,4.04,-6.34,-0.69,6.73
2019-05-31,600242,10.11,9.95,10.2,9.91,136440,136612578.0,2.85,-2.36,-0.24,4.49
2019-06-03,600242,9.93,9.55,10.0,9.37,128871,123724147.0,6.33,-4.02,-0.4,4.24
2019-06-04,600242,9.51,9.3,9.63,9.01,90571,84342394.0,6.49,-2.62,-0.25,2.98
2019-06-05,600242,9.43,9.15,9.45,9.15,61208,56699354.0,3.23,-1.61,-0.15,2.02
2019-06-06,600242,9.16,8.81,9.22,8.72,73327,65024100.0,5.46,-3.72,-0.34,2.41
2019-06-10,600242,8.83,8.99,9.05,8.81,53022,47490124.0,2.72,2.04,0.18,1.75
2019-06-11,600242,8.99,9.32,9.35,8.88,74953,68734730.0,5.23,3.67,0.33,2.47
2019-06-12,600242,9.25,9.19,9.36,9.17,55644,51450457.0,2.04,-1.39,-0.13,1.83
2019-06-13,600242,9.2,9.19,9.41,9.09,74903,69114223.0,3.48,0.0,0.0,2.47
2019-06-14,600242,9.27,8.87,9.33,8.85,70415,63765199.0,5.22,-3.48,-0.32,2.32
2019-06-17,600242,8.8,9.0,9.08,8.8,36424,32628499.0,3.16,1.47,0.13,1.2
2019-06-18,600242,9.03,8.92,9.08,8.83,34389,30793222.0,2.78,-0.89,-0.08,1.13
2019-06-19,600242,9.11,9.14,9.33,9.06,63837,58614903.0,3.03,2.47,0.22,2.1
2019-06-20,600242,9.19,9.25,9.29,9.05,60231,55380789.0,2.63,1.2,0.11,1.98
2019-06-21,600242,9.25,9.44,9.51,9.25,78295,73587567.0,2.81,2.05,0.19,2.58
2019-06-24,600242,9.5,9.42,9.55,9.28,48644,45766906.0,2.86,-0.21,-0.02,1.6
2019-06-25,600242,9.44,9.19,9.45,9.06,49380,45454785.0,4.14,-2.44,-0.23,1.63
2019-06-26,600242,9.15,9.27,9.39,9.15,40668,37824217.0,2.61,0.87,0.08,1.34
2019-06-27,600242,9.35,9.25,9.4,9.22,37687,35171183.0,1.94,-0.22,-0.02,1.24
2019-06-28,600242,9.32,9.12,9.37,8.96,46589,42621622.0,4.43,-1.41,-0.13,1.53
2019-07-01,600242,9.3,9.4,9.46,9.22,62481,58503777.0,2.63,3.07,0.28,2.06
2019-07-02,600242,9.44,9.41,9.65,9.29,79200,74811117.0,3.83,0.11,0.01,2.61
2019-07-03,600242,9.4,9.16,9.4,9.08,62984,57812978.0,3.4,-2.66,-0.25,2.07
2019-07-04,600242,9.15,9.09,9.23,9.01,44227,40231768.0,2.4,-0.76,-0.07,1.46
2019-07-05,600242,9.06,9.08,9.13,9.01,26796,24294696.0,1.32,-0.11,-0.01,0.88
2019-07-08,600242,9.11,8.78,9.12,8.77,44743,39587512.0,3.85,-3.3,-0.3,1.47
2019-07-09,600242,8.8,8.64,8.87,8.51,38635,33277655.0,4.1,-1.59,-0.14,1.27
2019-07-10,600242,8.67,8.5,8.67,8.47,24638,21049501.0,2.31,-1.62,-0.14,0.81
2019-07-11,600242,8.54,8.49,8.59,8.42,25439,21662844.0,2.0,-0.12,-0.01,0.84
2019-07-12,600242,8.47,8.73,8.88,8.37,45477,39320052.0,6.01,2.83,0.24,1.5
2019-07-15,600242,8.62,8.7,8.75,8.43,31846,27499990.0,3.67,-0.34,-0.03,1.05
2019-07-16,600242,8.67,8.68,8.74,8.6,21235,18413391.0,1.61,-0.23,-0.02,0.7
2019-07-17,600242,8.7,8.64,8.7,8.61,17391,15046958.0,1.04,-0.46,-0.04,0.57
2019-07-18,600242,8.55,8.34,8.6,8.33,31640,26720644.0,3.13,-3.47,-0.3,1.04
2019-07-19,600242,8.37,8.44,8.53,8.36,20023,16931792.0,2.04,1.2,0.1,0.61
2019-07-22,600242,8.44,8.06,8.52,8.06,33364,27187744.0,5.45,-4.5,-0.38,1.02
2019-07-23,600242,8.2,8.12,8.2,8.06,22129,17969874.0,1.74,0.74,0.06,0.68
2019-07-24,600242,8.13,8.22,8.29,8.13,29063,23938944.0,1.97,1.23,0.1,0.89
2019-07-25,600242,8.24,8.2,8.28,8.15,26488,21744004.0,1.58,-0.24,-0.02,0.81
2019-07-26,600242,8.24,8.16,8.27,8.1,27371,22354893.0,2.07,-0.49,-0.04,0.84
2019-07-29,600242,8.18,8.05,8.19,8.03,33116,26772651.0,1.96,-1.35,-0.11,1.01
2019-07-30,600242,8.03,8.09,8.16,8.03,30093,24418644.0,1.61,0.5,0.04,0.92
2019-07-31,600242,8.12,7.89,8.14,7.87,46811,37180100.0,3.34,-2.47,-0.2,1.43
2019-08-01,600242,7.86,7.68,7.87,7.58,54782,42148049.0,3.68,-2.66,-0.21,1.67
2019-08-02,600242,7.5,7.36,7.58,7.24,60674,44885698.0,4.43,-4.17,-0.32,1.85
2019-08-05,600242,7.35,7.38,7.51,7.32,42541,31557894.0,2.58,0.27,0.02,1.3
2019-08-06,600242,7.16,6.93,7.17,6.71,63358,43823268.0,6.23,-6.1,-0.45,1.93
2019-08-07,600242,7.01,7.11,7.5,6.98,64117,46072176.0,7.5,2.6,0.18,1.96
2019-08-08,600242,7.11,7.36,7.47,7.08,71026,51636712.0,5.49,3.52,0.25,2.17
2019-08-09,600242,7.48,7.06,7.48,7.02,68949,49767346.0,6.25,-4.08,-0.3,2.1
2019-08-12,600242,6.94,7.17,7.18,6.94,35795,25460989.0,3.4,1.56,0.11,1.09
2019-08-13,600242,7.15,7.19,7.26,7.09,33279,23905436.0,2.37,0.28,0.02,1.02
2019-08-14,600242,7.27,7.18,7.34,7.17,39427,28626748.0,2.36,-0.14,-0.01,1.2
2019-08-15,600242,7.03,7.4,7.45,6.94,69623,50439699.0,7.1,3.06,0.22,2.12
2019-08-16,600242,7.37,7.18,7.38,7.17,73718,53430599.0,2.84,-2.97,-0.22,2.25
2019-08-19,600242,7.23,7.45,7.48,7.14,85483,62559179.0,4.74,3.76,0.27,2.07
2019-08-20,600242,7.44,7.35,7.46,7.31,68308,50432544.0,2.01,-1.34,-0.1,1.66
2019-08-21,600242,7.37,7.29,7.41,7.25,49339,36095294.0,2.18,-0.82,-0.06,1.2
2019-08-22,600242,7.32,7.34,7.34,7.23,43519,31731250.0,1.51,0.69,0.05,1.06
2019-08-23,600242,7.23,7.12,7.3,7.05,73268,52372503.0,3.41,-3.0,-0.22,1.78
2019-08-26,600242,6.97,7.03,7.09,6.91,48423,33993790.0,2.53,-1.26,-0.09,1.17
2019-08-27,600242,7.06,7.73,7.73,7.03,116749,87602744.0,9.96,9.96,0.7,2.83
2019-08-28,600242,7.96,8.5,8.5,7.91,414925,344933344.0,7.63,9.96,0.77,10.06
2019-08-29,600242,8.45,9.35,9.35,8.03,339792,297316608.0,15.53,10.0,0.85,8.24
2019-08-30,600242,9.63,9.01,10.29,8.77,534201,513266368.0,16.26,-3.64,-0.34,12.96
2019-09-02,600242,9.19,9.08,9.56,9.01,378162,348943488.0,6.1,0.78,0.07,9.17
2019-09-03,600242,8.84,8.63,8.96,8.54,406560,353150944.0,4.63,-4.96,-0.45,9.86
2019-09-04,600242,8.61,8.66,8.78,8.44,274078,235608309.0,3.94,0.35,0.03,6.65
2019-09-05,600242,8.63,8.59,8.85,8.51,286270,248629580.0,3.93,-0.81,-0.07,6.94
2019-09-06,600242,8.61,8.68,8.72,8.46,192156,165449684.0,3.03,1.05,0.09,4.66
2019-09-09,600242,8.7,9.12,9.26,8.65,304193,271973584.0,7.03,5.07,0.44,7.38
2019-09-10,600242,9.12,8.86,9.14,8.79,205707,182874024.0,3.84,-2.85,-0.26,4.99
2019-09-11,600242,8.9,8.59,8.91,8.57,134209,116553014.0,3.84,-3.05,-0.27,3.26
2019-09-12,600242,8.63,9.45,9.45,8.58,323897,295229360.0,10.13,10.01,0.86,7.86
2019-09-16,600242,9.49,9.63,10.2,9.21,523067,508523808.0,10.48,1.9,0.18,12.69
2019-09-17,600242,9.49,9.2,9.57,9.0,301222,279944608.0,5.92,-4.47,-0.43,7.31
2019-09-18,600242,9.32,10.12,10.12,9.23,320350,312507520.0,9.67,10.0,0.92,7.77
2019-09-19,600242,10.55,9.9,10.84,9.74,523054,533284240.0,10.87,-2.17,-0.22,12.69
2019-09-20,600242,9.61,10.2,10.5,9.48,404695,408602352.0,10.3,3.03,0.3,9.82
2019-09-23,600242,9.96,10.8,11.0,9.62,333830,339823456.0,13.53,5.88,0.6,8.1
2019-09-24,600242,10.6,10.43,11.28,10.41,392146,422359920.0,8.06,-3.43,-0.37,9.51
2019-09-25,600242,10.23,10.12,10.69,10.04,248592,257186192.0,6.23,-2.97,-0.31,6.03
2019-09-26,600242,10.15,9.83,10.32,9.51,208703,206022738.0,8.0,-2.87,-0.29,5.06
2019-09-27,600242,9.78,9.74,9.97,9.55,138844,135664004.0,4.27,-0.92,-0.09,3.37
2019-09-30,600242,9.7,9.0,9.77,8.99,175306,162297415.0,8.01,-7.6,-0.74,4.25
2019-10-08,600242,9.08,8.84,9.13,8.81,118753,106476306.0,3.56,-1.78,-0.16,2.88
2019-10-09,600242,8.78,8.89,8.93,8.45,138056,120708934.0,5.43,0.57,0.05,3.35
2019-10-10,600242,8.86,8.89,8.97,8.68,127853,112884930.0,3.26,0.0,0.0,3.1
2019-10-11,600242,8.81,8.66,8.87,8.56,112627,98007841.0,3.49,-2.59,-0.23,2.73
2019-10-14,600242,8.75,9.53,9.53,8.73,162714,150019560.0,9.24,10.05,0.87,3.95
2019-10-15,600242,9.92,9.49,10.33,9.44,349707,342477248.0,9.34,-0.42,-0.04,8.48
2019-10-16,600242,9.51,9.81,9.88,9.29,232511,224803663.0,6.22,3.37,0.32,5.64
2019-10-17,600242,9.6,9.82,10.0,9.35,220624,213027854.0,6.63,0.1,0.01,5.35
2019-10-18,600242,9.69,9.3,9.93,9.28,157721,150665208.0,6.62,-5.3,-0.52,3.83
2019-10-21,600242,9.14,8.81,9.14,8.45,123815,108647354.0,7.42,-5.27,-0.49,3.0
2019-10-22,600242,8.92,9.69,9.69,8.85,77231,73463023.0,9.53,9.99,0.88,1.87
2019-10-23,600242,10.03,9.91,10.26,9.71,372469,369756128.0,5.68,2.27,0.22,9.03
2019-10-24,600242,9.8,9.93,9.96,9.5,228828,223076913.0,4.64,0.2,0.02,5.55
2019-10-25,600242,9.81,10.25,10.48,9.68,318607,322168848.0,8.06,3.22,0.32,7.73
2019-10-28,600242,10.4,10.59,11.1,10.16,410276,434939232.0,9.17,3.32,0.34,9.95
2019-10-29,600242,10.32,9.9,10.45,9.85,288604,291914016.0,5.67,-6.52,-0.69,7.0
2019-10-30,600242,9.88,9.87,10.22,9.58,188379,185268364.0,6.46,-0.3,-0.03,4.57
2019-10-31,600242,8.91,8.88,9.28,8.88,202076,182355248.0,4.05,-10.03,-0.99,4.9
2019-11-01,600242,8.01,8.31,8.74,7.99,272633,223469190.0,8.45,-6.42,-0.57,6.61
2019-11-04,600242,8.01,7.9,8.17,7.58,285566,225738594.0,7.1,-4.93,-0.41,6.93
2019-11-05,600242,7.84,7.8,7.95,7.74,124281,97281369.0,2.66,-1.27,-0.1,3.01
2019-11-06,600242,7.82,7.49,7.82,7.46,148919,112709143.0,4.62,-3.97,-0.31,3.61
2019-11-07,600242,7.5,7.57,7.61,7.36,95287,71684407.0,3.34,1.07,0.08,2.31
2019-11-08,600242,7.65,7.44,7.69,7.43,95558,71950551.0,3.43,-1.72,-0.13,2.32
2019-11-11,600242,7.21,7.21,7.36,7.15,79303,57268336.0,2.82,-3.09,-0.23,1.92
2019-11-12,600242,7.18,7.46,7.57,7.09,143110,105642736.0,6.66,3.47,0.25,3.47
2019-11-13,600242,7.35,7.24,7.43,7.19,81961,59576782.0,3.22,-2.95,-0.22,1.99
2019-11-14,600242,7.22,7.23,7.3,7.09,80158,57711035.0,2.9,-0.14,-0.01,1.94
2019-11-15,600242,7.22,7.02,7.24,7.02,77898,55517493.0,3.04,-2.9,-0.21,1.89
2019-11-18,600242,6.98,7.13,7.2,6.8,109857,77581567.0,5.7,1.57,0.11,2.66
2019-11-19,600242,7.07,7.47,7.71,7.04,195222,145864350.0,9.4,4.77,0.34,4.74
2019-11-20,600242,7.45,7.3,7.58,7.28,130263,96314969.0,4.02,-2.28,-0.17,3.16
2019-11-21,600242,7.34,7.44,7.59,7.31,121868,90709319.0,3.84,1.92,0.14,2.96
2019-11-22,600242,7.26,7.18,7.46,7.15,122809,89499576.0,4.17,-3.49,-0.26,2.98
2019-11-25,600242,7.12,7.07,7.23,6.93,81991,57865622.0,4.18,-1.53,-0.11,1.99
2019-11-26,600242,7.12,6.83,7.19,6.74,160141,110358215.0,6.36,-3.39,-0.24,3.88
2019-11-27,600242,6.82,6.78,6.95,6.76,92741,63476293.0,2.78,-0.73,-0.05,2.25
2019-11-28,600242,6.76,6.88,6.89,6.61,91599,62255750.0,4.13,1.47,0.1,2.22
2019-11-29,600242,6.84,6.68,6.92,6.59,98063,65623612.0,4.8,-2.91,-0.2,2.38
2019-12-02,600242,6.7,6.54,6.7,6.51,92525,60951102.0,2.84,-2.1,-0.14,2.24
2019-12-03,600242,6.6,7.19,7.19,6.54,103261,72188890.0,9.94,9.94,0.65,2.5
2019-12-04,600242,7.38,6.95,7.38,6.87,253753,179392932.0,7.09,-3.34,-0.24,6.15
2019-12-05,600242,6.94,6.99,7.02,6.85,134658,93569550.0,2.45,0.58,0.04,3.27
2019-12-06,600242,6.29,6.68,6.76,6.29,295186,192312645.0,6.72,-4.43,-0.31,7.16
2019-12-09,600242,6.52,6.73,6.81,6.51,217489,145019306.0,4.49,0.75,0.05,5.28
2019-12-10,600242,6.71,6.64,6.72,6.53,164232,108424745.0,2.82,-1.34,-0.09,3.98
2019-12-11,600242,6.62,6.5,6.62,6.47,160973,104898512.0,2.26,-2.11,-0.14,3.9
2019-12-12,600242,6.48,6.36,6.5,6.33,131836,84206639.0,2.62,-2.15,-0.14,3.2
2019-12-13,600242,6.38,6.4,6.46,6.35,116235,74305780.0,1.73,0.63,0.04,2.82
2019-12-16,600242,6.41,6.54,6.56,6.36,177247,114366774.0,3.13,2.19,0.14,4.3
2019-12-17,600242,6.55,6.84,7.1,6.54,296411,202957393.0,8.56,4.59,0.3,7.19
2019-12-18,600242,6.7,7.24,7.48,6.66,375211,262333586.0,11.99,5.85,0.4,9.1
2019-12-19,600242,7.1,7.13,7.2,7.04,234223,166547464.0,2.21,-1.52,-0.11,5.68
2019-12-20,600242,7.13,6.87,7.14,6.82,153269,107447768.0,4.49,-3.65,-0.26,3.72
2019-12-23,600242,6.87,6.55,6.87,6.53,143018,95274501.0,4.95,-4.66,-0.32,3.47
2019-12-24,600242,6.57,6.67,6.69,6.54,85841,56851101.0,2.29,1.83,0.12,2.08
2019-12-25,600242,6.65,6.95,7.1,6.6,202375,139691948.0,7.5,4.2,0.28,4.91
2019-12-26,600242,6.87,7.25,7.5,6.83,292628,209471902.0,9.64,4.32,0.3,7.1
2019-12-27,600242,7.29,7.98,7.98,7.07,466871,353138688.0,12.55,10.07,0.73,11.31
2019-12-30,600242,8.05,8.31,8.78,8.05,701210,590995872.0,9.15,4.14,0.33,16.99
2019-12-31,600242,7.48,7.87,8.27,7.48,502844,390014176.0,9.51,-5.29,-0.44,12.19
2020-01-02,600242,7.87,8.66,8.66,7.87,398755,332276800.0,10.04,10.04,0.79,9.66
2020-01-03,600242,9.05,9.53,9.53,8.93,709721,662997072.0,6.93,10.05,0.87,17.2
2020-01-06,600242,10.48,10.48,10.48,9.71,374031,389316784.0,8.08,9.97,0.95,9.06
2020-01-07,600242,11.38,10.24,11.38,9.9,878466,930871072.0,14.12,-2.29,-0.24,21.29
2020-01-08,600242,9.53,9.22,9.77,9.22,702376,663296848.0,5.37,-9.96,-1.02,17.02
2020-01-09,600242,9.0,9.28,9.41,8.9,491770,451895952.0,5.53,0.65,0.06,11.92
2020-01-10,600242,9.2,8.88,9.27,8.8,329646,295630992.0,5.06,-4.31,-0.4,7.99
2020-01-13,600242,8.94,8.98,9.08,8.69,234654,210150260.0,4.39,1.13,0.1,5.69
2020-01-14,600242,9.04,9.05,9.07,8.9,251681,226308111.0,1.89,0.78,0.07,6.1
2020-01-15,600242,9.01,8.9,9.19,8.81,222438,199761074.0,4.2,-1.66,-0.15,5.39
2020-01-16,600242,8.9,9.1,9.15,8.7,293421,264135868.0,5.06,2.25,0.2,7.11
2020-01-17,600242,9.03,8.73,9.05,8.63,255288,226042459.0,4.62,-4.07,-0.37,6.19
2020-01-20,600242,8.5,8.15,8.5,8.0,285634,233838636.0,5.73,-6.64,-0.58,6.92
2020-01-21,600242,8.2,7.9,8.23,7.87,178044,143223518.0,4.42,-3.07,-0.25,4.31
2020-01-22,600242,7.11,7.6,7.8,7.11,256266,190815382.0,8.73,-3.8,-0.3,6.21
2020-01-23,600242,7.68,7.65,8.12,7.54,225870,176379079.0,7.63,0.66,0.05,5.47
2020-02-03,600242,6.89,6.89,6.89,6.89,15489,10671921.0,0.0,-9.93,-0.76,0.38
2020-02-04,600242,6.2,6.75,6.8,6.2,207174,136522893.0,8.71,-2.03,-0.14,5.02
2020-02-05,600242,6.75,6.99,7.14,6.7,211845,147707472.0,6.52,3.56,0.24,5.13
2020-02-06,600242,6.95,7.4,7.47,6.86,266237,191909112.0,8.73,5.87,0.41,6.45
2020-02-07,600242,7.9,7.94,8.14,7.66,399111,316685984.0,6.49,7.3,0.54,9.67
2020-02-10,600242,7.8,7.73,7.85,7.51,293407,224883261.0,4.28,-2.64,-0.21,7.11
2020-02-11,600242,7.67,7.49,7.67,7.45,155831,117468598.0,2.85,-3.1,-0.24,3.78
2020-02-12,600242,7.49,7.66,7.67,7.41,157188,118709504.0,3.47,2.27,0.17,3.81
2020-02-13,600242,7.75,7.4,7.75,7.4,157132,118135250.0,4.57,-3.39,-0.26,3.81
2020-02-14,600242,7.34,7.28,7.46,7.23,112602,82619820.0,3.11,-1.62,-0.12,2.73
2020-02-17,600242,7.37,7.65,7.7,7.35,196192,148247092.0,4.81,5.08,0.37,4.75
2020-02-18,600242,7.73,7.98,7.99,7.56,302959,236140435.0,5.62,4.31,0.33,7.34
2020-02-19,600242,7.93,7.77,8.06,7.76,234571,185508205.0,3.76,-2.63,-0.21,5.68
2020-02-20,600242,7.85,7.89,7.93,7.63,194587,151932068.0,3.86,1.54,0.12,4.72
2020-02-21,600242,7.85,8.16,8.27,7.82,309108,250372803.0,5.7,3.42,0.27,7.49
2020-02-24,600242,8.03,8.36,8.47,7.94,289053,236984902.0,6.5,2.45,0.2,7.0
2020-02-25,600242,8.09,8.11,8.22,7.7,246480,198469451.0,6.22,-2.99,-0.25,5.97
2020-02-26,600242,7.98,7.83,8.1,7.8,178417,142374533.0,3.7,-3.45,-0.28,4.32
2020-02-27,600242,7.87,8.05,8.18,7.7,177465,141577558.0,6.13,2.81,0.22,4.3
2020-02-28,600242,7.65,7.26,7.83,7.25,210395,158117721.0,7.2,-9.81,-0.79,5.1
2020-03-02,600242,7.21,7.76,7.89,7.21,152251,115657509.0,9.37,6.89,0.5,3.69
2020-03-03,600242,7.85,7.86,8.15,7.69,287780,227536282.0,5.93,1.29,0.1,6.97
2020-03-04,600242,7.76,8.42,8.44,7.65,462163,376507520.0,10.05,7.12,0.56,11.2
2020-03-05,600242,8.78,8.29,8.94,8.17,460070,385652352.0,9.14,-1.54,-0.13,11.15
2020-03-06,600242,8.02,8.12,8.22,7.94,219009,176858519.0,3.38,-2.05,-0.17,5.31
2020-03-09,600242,7.88,7.57,7.94,7.55,236073,182705872.0,4.8,-6.77,-0.55,5.72
2020-03-10,600242,7.3,7.79,7.79,7.3,172884,130916993.0,6.47,2.91,0.22,4.19
2020-03-11,600242,7.8,7.56,7.88,7.53,159568,123235035.0,4.49,-2.95,-0.23,3.87
2020-03-12,600242,7.38,7.4,7.48,7.32,102752,76002001.0,2.12,-2.12,-0.16,2.49
2020-03-13,600242,7.01,7.19,7.26,6.91,139552,98806195.0,4.73,-2.84,-0.21,3.38
2020-03-16,600242,7.55,7.91,7.91,7.4,544427,426675296.0,7.09,10.01,0.72,13.19
2020-03-17,600242,7.69,7.8,7.92,7.21,404543,305880512.0,8.98,-1.39,-0.11,9.8
2020-03-18,600242,7.7,8.58,8.58,7.7,742480,613476864.0,11.28,10.0,0.78,17.99
2020-03-19,600242,8.25,8.54,8.98,8.1,826823,712832272.0,10.26,-0.47,-0.04,20.04
2020-03-20,600242,8.4,8.8,9.2,8.33,731868,644160768.0,10.19,3.04,0.26,17.74
2020-03-23,600242,8.48,8.05,8.64,7.96,497315,409521696.0,7.73,-8.52,-0.75,12.05
2020-03-24,600242,8.32,8.86,8.86,8.16,627289,549529392.0,8.7,10.06,0.81,15.2
2020-03-25,600242,9.39,8.64,9.5,8.62,934140,844159792.0,9.93,-2.48,-0.22,22.64
2020-03-26,600242,8.39,9.5,9.5,8.38,888988,810922688.0,12.96,9.95,0.86,21.54
2020-03-27,600242,9.3,8.99,9.3,8.66,765511,689131952.0,6.74,-5.37,-0.51,18.55
2020-03-30,600242,8.76,8.56,8.85,8.15,425614,360848192.0,7.79,-4.78,-0.43,10.31
2020-03-31,600242,8.7,7.7,8.77,7.7,553823,450569872.0,12.5,-10.05,-0.86,13.42
2020-04-01,600242,7.39,7.82,7.91,7.11,469295,351282704.0,10.39,1.56,0.12,11.37
2020-04-02,600242,7.65,7.88,8.06,7.6,379151,297477488.0,5.88,0.77,0.06,9.19
2020-04-03,600242,7.88,7.54,7.9,7.51,287050,220576882.0,4.95,-4.31,-0.34,6.96
2020-04-07,600242,7.59,7.79,7.79,7.59,289457,222971456.0,2.65,3.32,0.25,7.01
2020-04-08,600242,7.77,7.74,8.02,7.67,309599,241813311.0,4.49,-0.64,-0.05,7.5
2020-04-09,600242,7.81,7.95,7.98,7.7,320648,252002540.0,3.62,2.71,0.21,7.77
2020-04-10,600242,7.81,7.35,7.88,7.31,336209,252849099.0,7.17,-7.55,-0.6,8.15
2020-04-13,600242,7.1,7.36,7.43,7.05,134947,98072582.0,5.17,0.14,0.01,3.27
2020-04-14,600242,7.41,7.41,7.45,7.3,128611,94899005.0,2.04,0.68,0.05,3.12
2020-04-15,600242,7.37,7.21,7.46,7.2,154907,112912252.0,3.51,-2.7,-0.2,3.75
2020-04-16,600242,7.14,7.38,7.46,7.14,181785,133342828.0,4.44,2.36,0.17,4.41
2020-04-17,600242,7.33,7.28,7.48,7.25,160072,117663317.0,3.12,-1.36,-0.1,3.88
2020-04-20,600242,7.34,7.42,7.55,7.15,179142,131716796.0,5.49,1.92,0.14,4.34
2020-04-21,600242,7.33,7.72,7.99,7.28,405489,311551152.0,9.57,4.04,0.3,9.83
2020-04-22,600242,7.56,7.62,7.64,7.43,246658,186032669.0,2.72,-1.3,-0.1,5.98
2020-04-23,600242,7.55,7.43,7.62,7.42,161609,121120692.0,2.62,-2.49,-0.19,3.92
2020-04-24,600242,7.4,7.12,7.4,7.1,160831,116048882.0,4.04,-4.17,-0.31,3.9
2020-04-27,600242,7.12,7.12,7.19,7.1,84598,60433166.0,1.26,0.0,0.0,2.05
2020-04-28,600242,7.03,6.57,7.1,6.41,207549,137972244.0,9.69,-7.72,-0.55,5.03
2020-04-29,600242,6.55,6.33,6.63,6.32,130366,83930340.0,4.72,-3.65,-0.24,3.16
2020-04-30,600242,6.28,6.51,6.6,6.25,126787,81601512.0,5.53,2.84,0.18,3.07
2020-05-06,600242,6.39,6.64,6.66,6.32,117029,76817175.0,5.22,2.0,0.13,2.84
2020-05-07,600242,6.64,6.5,6.67,6.48,110478,72431905.0,2.86,-2.11,-0.14,2.68
2020-05-08,600242,6.51,6.6,6.64,6.5,101150,66652042.0,2.15,1.54,0.1,2.45
2020-05-11,600242,6.7,6.62,6.73,6.58,98877,65651736.0,2.27,0.3,0.02,2.4
2020-05-12,600242,6.62,6.51,6.62,6.38,92923,60298465.0,3.63,-1.66,-0.11,2.25
2020-05-13,600242,6.5,6.7,6.82,6.4,146935,97980161.0,6.45,2.92,0.19,3.56
2020-05-14,600242,6.71,6.58,6.75,6.58,88027,58463524.0,2.54,-1.79,-0.12,2.13
2020-05-15,600242,6.61,6.66,6.82,6.55,103908,69412713.0,4.1,1.22,0.08,2.52
2020-05-18,600242,6.67,6.47,6.67,6.47,82524,53918166.0,3.0,-2.85,-0.19,2.0
2020-05-19,600242,6.52,6.45,6.56,6.41,68963,44573063.0,2.32,-0.31,-0.02,1.67
2020-05-20,600242,6.44,6.32,6.44,6.3,79156,50228604.0,2.17,-2.02,-0.13,1.92
2020-05-21,600242,6.33,6.32,6.44,6.3,59098,37576948.0,2.22,0.0,0.0,1.43
2020-05-22,600242,6.35,6.07,6.35,6.05,102068,62658521.0,4.75,-3.96,-0.25,2.47
2020-05-25,600242,6.07,5.85,6.07,5.82,84993,50364506.0,4.12,-3.62,-0.22,2.06
2020-05-26,600242,5.87,6.1,6.3,5.87,90244,55123475.0,7.35,4.27,0.25,2.19
2020-05-27,600242,6.1,5.96,6.16,5.94,80730,48528025.0,3.61,-2.3,-0.14,1.96
2020-05-28,600242,5.93,5.96,6.0,5.8,78428,46239488.0,3.36,0.0,0.0,1.9
2020-05-29,600242,5.98,6.56,6.56,5.9,185596,119465804.0,11.07,10.07,0.6,4.5
2020-06-01,600242,7.0,6.84,7.0,6.7,503701,346101120.0,4.57,4.27,0.28,12.21
2020-06-02,600242,6.73,6.95,7.38,6.73,411116,289442800.0,9.5,1.61,0.11,9.96
2020-06-03,600242,6.8,6.91,7.2,6.8,345790,242081424.0,5.76,-0.58,-0.04,8.38
2020-06-04,600242,6.95,6.75,6.97,6.7,243790,165591209.0,3.91,-2.32,-0.16,5.91
2020-06-05,600242,6.78,6.64,6.83,6.61,160301,107241782.0,3.26,-1.63,-0.11,3.88
2020-06-08,600242,6.65,6.38,6.68,6.33,195583,126927782.0,5.27,-3.92,-0.26,4.74
2020-06-09,600242,6.46,7.02,7.02,6.42,161391,111030603.0,9.4,10.03,0.64,3.91
2020-06-10,600242,7.2,7.26,7.66,7.12,618287,451817200.0,7.69,3.42,0.24,14.98
2020-06-11,600242,7.35,7.06,7.39,6.91,357379,252452280.0,6.61,-2.75,-0.2,8.66
2020-06-12,600242,6.75,6.94,7.02,6.75,221019,152008886.0,3.82,-1.7,-0.12,5.36
2020-06-15,600242,6.83,6.99,7.2,6.71,274852,192265895.0,7.06,0.72,0.05,6.66
2020-06-16,600242,6.9,7.22,7.28,6.9,325714,232945064.0,5.44,3.29,0.23,7.89
2020-06-17,600242,7.29,7.23,7.32,6.94,313678,223568726.0,5.26,0.14,0.01,7.6
2020-06-18,600242,7.13,7.15,7.56,7.13,343395,250944176.0,5.95,-1.11,-0.08,8.32
2020-06-19,600242,7.0,7.0,7.11,6.88,242957,169136281.0,3.22,-2.1,-0.15,5.89
2020-06-22,600242,6.91,6.87,6.96,6.82,162406,111555737.0,2.0,-1.86,-0.13,3.94
2020-06-23,600242,6.9,6.92,6.97,6.84,127311,87792498.0,1.89,0.73,0.05,3.09
2020-06-24,600242,6.94,6.7,6.97,6.69,147085,99291732.0,4.05,-3.18,-0.22,3.56
2020-06-29,600242,6.61,6.35,6.61,6.32,162204,103473152.0,4.33,-5.22,-0.35,3.93
2020-07-01,600242,6.03,6.03,6.03,6.03,2708,1632924.0,0.0,-5.04,-0.32,0.07
2020-07-02,600242,5.73,5.73,5.73,5.73,626,358698.0,0.0,-4.98,-0.3,0.02
2020-07-03,600242,5.44,5.44,5.44,5.44,1982,1078208.0,0.0,-5.06,-0.29,0.05
2020-07-06,600242,5.17,5.17,5.17,5.17,2165,1119305.0,0.0,-4.96,-0.27,0.05
2020-07-07,600242,4.91,4.91,4.91,4.91,2631,1291821.0,0.0,-5.03,-0.26,0.06
2020-07-08,600242,4.66,4.66,4.66,4.66,2437,1135642.0,0.0,-5.09,-0.25,0.06
2020-07-09,600242,4.43,4.43,4.43,4.43,4895,2168485.0,0.0,-4.94,-0.23,0.12
2020-07-10,600242,4.21,4.21,4.21,4.21,4762,2004802.0,0.0,-4.97,-0.22,0.12
2020-07-13,600242,4.0,4.0,4.0,4.0,17282,6912800.0,0.0,-4.99,-0.21,0.42
2020-07-14,600242,3.8,3.8,3.89,3.8,464366,176595057.0,2.25,-5.0,-0.2,11.25
2020-07-15,600242,3.61,3.61,3.61,3.61,41552,15000272.0,0.0,-5.0,-0.19,1.01
2020-07-16,600242,3.43,3.43,3.43,3.43,27919,9576217.0,0.0,-4.99,-0.18,0.68
2020-07-17,600242,3.26,3.26,3.26,3.26,11984,3906784.0,0.0,-4.96,-0.17,0.29
2020-07-20,600242,3.1,3.1,3.1,3.1,17640,5468400.0,0.0,-4.91,-0.16,0.43
2020-07-21,600242,2.97,2.95,3.1,2.95,614399,182631542.0,4.84,-4.84,-0.15,14.89
2020-07-22,600242,2.9,2.93,2.98,2.83,357823,103525976.0,5.08,-0.68,-0.02,8.67
2020-07-23,600242,2.88,2.99,3.02,2.86,267432,78417824.0,5.46,2.05,0.06,6.48
2020-07-24,600242,2.98,3.04,3.14,2.96,294524,89794577.0,6.02,1.67,0.05,7.14
2020-07-27,600242,3.01,2.89,3.05,2.89,236853,69144605.0,5.26,-4.93,-0.15,5.74
2020-07-28,600242,2.91,3.03,3.03,2.9,234022,69708994.0,4.5,4.84,0.14,5.67
2020-07-29,600242,3.04,3.05,3.13,2.97,237198,72660602.0,5.28,0.66,0.02,5.75
2020-07-30,600242,3.03,2.97,3.06,2.96,206815,61911961.0,3.28,-2.62,-0.08,5.01
2020-07-31,600242,2.95,2.91,2.98,2.87,195833,57071848.0,3.7,-2.02,-0.06,4.75
2020-08-03,600242,2.91,2.92,2.94,2.87,153951,44770747.0,2.41,0.34,0.01,3.73
2020-08-04,600242,2.91,2.95,3.01,2.88,173798,51077322.0,4.45,1.03,0.03,4.21
2020-08-05,600242,2.94,2.98,3.02,2.91,178045,53005473.0,3.73,1.02,0.03,4.31
2020-08-06,600242,2.97,2.93,2.99,2.92,158417,46724637.0,2.35,-1.68,-0.05,3.84
2020-08-07,600242,2.91,2.9,2.94,2.88,137819,40019569.0,2.05,-1.02,-0.03,3.34
2020-08-10,600242,2.88,2.86,2.9,2.82,122948,35172259.0,2.76,-1.38,-0.04,2.98
2020-08-11,600242,2.85,2.83,2.89,2.82,107763,30767526.0,2.45,-1.05,-0.03,2.61
2020-08-12,600242,2.82,2.71,2.83,2.69,225833,61630024.0,4.95,-4.24,-0.12,5.47
2020-08-13,600242,2.71,2.73,2.77,2.69,119546,32699949.0,2.95,0.74,0.02,2.9
2020-08-14,600242,2.71,2.7,2.72,2.63,147331,39457610.0,3.3,-1.1,-0.03,3.57
2020-08-17,600242,2.7,2.73,2.74,2.68,102678,27892694.0,2.22,1.11,0.03,2.49
2020-08-18,600242,2.73,2.87,2.87,2.72,139740,39358923.0,5.49,5.13,0.14,3.39
2020-08-19,600242,2.93,2.84,2.98,2.82,237843,68963152.0,5.57,-1.05,-0.03,5.76
2020-08-20,600242,2.78,2.85,2.9,2.77,119682,33930129.0,4.58,0.35,0.01,2.9
2020-08-21,600242,2.84,2.81,2.87,2.8,105257,29833695.0,2.46,-1.4,-0.04,2.55
2020-08-24,600242,2.79,2.72,2.82,2.67,133287,36200917.0,5.34,-3.2,-0.09,3.23
2020-08-25,600242,2.71,2.72,2.78,2.69,91492,24934407.0,3.31,0.0,0.0,2.22
2020-08-26,600242,2.72,2.65,2.72,2.62,111288,29762640.0,3.68,-2.57,-0.07,2.7
2020-08-27,600242,2.62,2.78,2.78,2.59,179879,48796757.0,7.17,4.91,0.13,4.36
2020-08-28,600242,2.74,2.75,2.83,2.72,152719,42247076.0,3.96,-1.08,-0.03,3.7
2020-08-31,600242,2.83,2.89,2.89,2.82,54556,15647222.0,2.55,5.09,0.14,1.32
2020-09-01,600242,3.01,3.03,3.03,2.96,189119,57147770.0,2.42,4.84,0.14,4.58
2020-09-02,600242,3.1,3.09,3.18,2.91,402044,122445162.0,8.91,1.98,0.06,9.74
2020-09-03,600242,3.04,3.24,3.24,3.01,298622,94777324.0,7.44,4.85,0.15,7.24
2020-09-04,600242,3.27,3.4,3.4,3.24,389936,131162709.0,4.94,4.94,0.16,9.45
2020-09-07,600242,3.35,3.23,3.44,3.23,385395,126249222.0,6.18,-5.0,-0.17,9.34
2020-09-08,600242,3.14,3.07,3.22,3.07,216769,67140794.0,4.64,-4.95,-0.16,5.25
2020-09-09,600242,2.98,3.03,3.13,2.94,199168,60195422.0,6.19,-1.3,-0.04,4.83
2020-09-10,600242,3.05,2.88,3.07,2.88,172212,50733922.0,6.27,-4.95,-0.15,4.17
2020-09-11,600242,2.77,3.02,3.02,2.74,251271,71823715.0,9.72,4.86,0.14,6.09
2020-09-14,600242,3.07,3.17,3.17,3.03,265502,83699318.0,4.64,4.97,0.15,6.43
2020-09-15,600242,3.03,3.01,3.09,3.01,237076,71974326.0,2.52,-5.05,-0.16,5.75
2020-09-16,600242,2.99,2.99,3.11,2.96,115339,34876774.0,4.98,-0.66,-0.02,2.8
2020-09-17,600242,3.01,3.03,3.12,2.96,125685,38226083.0,5.35,1.34,0.04,3.05
2020-09-18,600242,2.99,2.98,3.05,2.92,124203,37024235.0,4.29,-1.65,-0.05,3.01
2020-09-21,600242,2.95,3.04,3.08,2.94,94813,28478755.0,4.7,2.01,0.06,2.3
2020-09-22,600242,2.98,2.96,3.02,2.94,85468,25475586.0,2.63,-2.63,-0.08,1.89
2020-09-23,600242,2.96,2.94,3.01,2.93,71761,21237732.0,2.7,-0.68,-0.02,1.59
2020-09-24,600242,2.9,2.79,2.92,2.79,113769,32142501.0,4.42,-5.1,-0.15,2.52
2020-09-25,600242,2.82,2.74,2.83,2.73,73599,20328943.0,3.58,-1.79,-0.05,1.63
2020-09-28,600242,2.75,2.77,2.83,2.71,79943,22211728.0,4.38,1.09,0.03,1.77
2020-09-29,600242,2.88,2.91,2.91,2.87,113144,32852117.0,1.44,5.05,0.14,2.51
2020-09-30,600242,2.97,2.91,3.02,2.89,141884,41676301.0,4.47,0.0,0.0,3.14
2020-10-09,600242,2.9,2.9,2.94,2.86,63063,18337204.0,2.75,-0.34,-0.01,1.4
2020-10-12,600242,2.9,2.9,2.93,2.87,102096,29591458.0,2.07,0.0,0.0,2.26
2020-10-13,600242,2.9,2.9,2.95,2.89,68792,20029675.0,2.07,0.0,0.0,1.52
2020-10-14,600242,2.89,2.83,2.9,2.82,83885,23907992.0,2.76,-2.41,-0.07,1.86
2020-10-15,600242,2.83,2.78,2.87,2.78,51617,14518114.0,3.18,-1.77,-0.05,1.14
2020-10-16,600242,2.74,2.8,2.81,2.74,53240,14780185.0,2.52,0.72,0.02,1.18
2020-10-19,600242,2.8,2.78,2.82,2.75,45251,12621218.0,2.5,-0.71,-0.02,1.0
2020-10-20,600242,2.77,2.78,2.78,2.73,46355,12770657.0,1.8,0.0,0.0,1.03
2020-10-21,600242,2.79,2.84,2.86,2.75,74239,20809458.0,3.96,2.16,0.06,1.65
2020-10-22,600242,2.83,2.79,2.85,2.77,49558,13934267.0,2.82,-1.76,-0.05,1.1
2020-10-23,600242,2.78,2.75,2.8,2.72,59296,16365361.0,2.87,-1.43,-0.04,1.31
2020-10-26,600242,2.75,2.89,2.89,2.73,94085,26521606.0,5.82,5.09,0.14,2.08
2020-10-27,600242,3.03,3.03,3.03,3.0,52680,15955547.0,1.04,4.84,0.14,1.17
2020-10-28,600242,3.18,3.03,3.18,3.02,221271,68837994.0,5.28,0.0,0.0,4.9
2020-10-29,600242,2.95,2.92,2.96,2.89,106920,31223287.0,2.31,-3.63,-0.11,2.37
2020-10-30,600242,2.89,3.01,3.07,2.89,117200,35299872.0,6.16,3.08,0.09,2.6
2020-11-02,600242,2.97,2.86,2.97,2.86,102073,29630461.0,3.65,-4.98,-0.15,2.26
2020-11-03,600242,2.81,2.89,2.95,2.77,76057,21883875.0,6.29,1.05,0.03,1.69
2020-11-04,600242,2.91,2.9,3.0,2.88,53968,15786822.0,4.15,0.35,0.01,1.2
2020-11-05,600242,2.92,2.91,2.94,2.89,39198,11422457.0,1.72,0.34,0.01,0.87
2020-11-06,600242,2.91,2.93,2.94,2.85,52283,15151086.0,3.09,0.69,0.02,1.16
2020-11-09,600242,2.91,2.96,3.01,2.91,76074,22504591.0,3.41,1.02,0.03,1.69
2020-11-10,600242,2.93,2.87,2.94,2.85,69397,20081421.0,3.04,-3.04,-0.09,1.54
2020-11-11,600242,2.87,2.85,2.9,2.82,43626,12483177.0,2.79,-0.7,-0.02,0.97
2020-11-12,600242,2.88,2.89,2.9,2.85,44491,12820176.0,1.75,1.4,0.04,0.99
2020-11-13,600242,2.89,2.9,2.94,2.87,43287,12571120.0,2.42,0.35,0.01,0.96
2020-11-16,600242,2.9,2.88,2.91,2.85,38918,11215023.0,2.07,-0.69,-0.02,0.86
2020-11-17,600242,2.86,2.82,2.86,2.79,60663,17106511.0,2.43,-2.08,-0.06,1.34
2020-11-18,600242,2.83,2.84,2.87,2.81,31708,9000591.0,2.13,0.71,0.02,0.7
2020-11-19,600242,2.83,2.85,2.85,2.82,25310,7176294.0,1.06,0.35,0.01,0.56
2020-11-20,600242,2.83,2.91,2.98,2.83,79392,23233181.0,5.26,2.11,0.06,1.76
2020-11-23,600242,2.92,2.88,2.93,2.87,50441,14580117.0,2.06,-1.03,-0.03,1.12
2020-11-24,600242,2.86,2.92,2.93,2.86,48900,14116642.0,2.43,1.39,0.04,1.08
2020-11-25,600242,2.91,2.88,2.91,2.85,50056,14400657.0,2.05,-1.37,-0.04,1.11
2020-11-26,600242,2.88,2.85,2.9,2.84,40323,11537000.0,2.08,-1.04,-0.03,0.89
2020-11-27,600242,2.85,2.9,2.94,2.85,59592,17196631.0,3.16,1.75,0.05,1.32
2020-11-30,600242,2.89,2.88,2.9,2.84,40694,11711755.0,2.07,-0.69,-0.02,0.9
2020-12-01,600242,2.85,2.87,2.89,2.85,55958,16061433.0,1.39,-0.35,-0.01,1.24
2020-12-02,600242,2.87,2.84,2.88,2.83,40947,11677564.0,1.74,-1.05,-0.03,0.91
2020-12-03,600242,2.85,2.86,2.89,2.83,46591,13351676.0,2.11,0.7,0.02,1.03
2020-12-04,600242,2.86,2.87,2.9,2.85,43146,12397463.0,1.75,0.35,0.01,0.96
2020-12-07,600242,2.86,2.9,2.93,2.86,58785,17025859.0,2.44,1.05,0.03,1.3
2020-12-08,600242,2.85,2.76,2.86,2.76,171092,47485131.0,3.45,-4.83,-0.14,3.79
2020-12-09,600242,2.75,2.68,2.76,2.65,108689,29319914.0,3.99,-2.9,-0.08,2.41
2020-12-10,600242,2.69,2.7,2.73,2.64,72748,19534657.0,3.36,0.75,0.02,1.61
2020-12-11,600242,2.57,2.61,2.65,2.57,94597,24645906.0,2.96,-3.33,-0.09,2.1
2020-12-14,600242,2.6,2.48,2.6,2.48,107729,26966259.0,4.6,-4.98,-0.13,2.39
2020-12-15,600242,2.59,2.6,2.6,2.57,30989,8046543.0,1.21,4.84,0.12,0.69
2020-12-16,600242,2.73,2.64,2.73,2.63,150995,40869003.0,3.85,1.54,0.04,3.35
2020-12-17,600242,2.6,2.56,2.6,2.51,98549,25030935.0,3.41,-3.03,-0.08,2.18
2020-12-18,600242,2.52,2.54,2.59,2.52,38878,9907355.0,2.73,-0.78,-0.02,0.86
2020-12-21,600242,2.56,2.54,2.58,2.53,52365,13370091.0,1.97,0.0,0.0,1.16
2020-12-22,600242,2.54,2.48,2.55,2.45,66830,16682046.0,3.94,-2.36,-0.06,1.48
2020-12-23,600242,2.47,2.39,2.5,2.36,89817,21683876.0,5.65,-3.63,-0.09,1.99
2020-12-24,600242,2.38,2.51,2.51,2.38,78589,19124866.0,5.44,5.02,0.12,1.74
2020-12-25,600242,2.5,2.55,2.57,2.45,75431,18899710.0,4.78,1.59,0.04,1.67
2020-12-28,600242,2.54,2.52,2.54,2.49,29127,7324057.0,1.96,-1.18,-0.03,0.65
2020-12-29,600242,2.49,2.49,2.55,2.46,54674,13729253.0,3.57,-1.19,-0.03,1.21
2020-12-30,600242,2.47,2.49,2.5,2.46,23068,5719622.0,1.61,0.0,0.0,0.51
2020-12-31,600242,2.51,2.49,2.51,2.48,26383,6571404.0,1.2,0.0,0.0,0.58
2021-01-04,600242,2.48,2.44,2.48,2.42,37567,9169119.0,2.41,-2.01,-0.05,0.83
2021-01-05,600242,2.44,2.37,2.44,2.35,71112,16949704.0,3.69,-2.87,-0.07,1.58
2021-01-06,600242,2.36,2.27,2.36,2.25,94214,21432471.0,4.64,-4.22,-0.1,2.09
2021-01-07,600242,2.26,2.16,2.26,2.16,94849,20557936.0,4.41,-4.85,-0.11,2.1
2021-01-08,600242,2.1,2.06,2.14,2.05,122026,25144871.0,4.17,-4.63,-0.1,2.7
2021-01-11,600242,2.02,1.96,2.08,1.96,104612,20858416.0,5.83,-4.85,-0.1,2.32
2021-01-12,600242,1.94,2.06,2.06,1.91,95300,19419185.0,7.65,5.1,0.1,2.11
2021-01-13,600242,2.08,1.96,2.08,1.96,65358,13068178.0,5.83,-4.85,-0.1,1.45
2021-01-14,600242,1.89,1.89,1.93,1.86,108849,20461397.0,3.57,-3.57,-0.07,2.41
2021-01-15,600242,1.88,1.95,1.96,1.84,71628,13703013.0,6.35,3.17,0.06,1.59
2021-01-18,600242,1.93,1.98,2.01,1.92,58436,11510411.0,4.62,1.54,0.03,1.29
2021-01-19,600242,1.99,2.0,2.01,1.96,52463,10401636.0,2.53,1.01,0.02,1.16
2021-01-20,600242,2.0,1.98,2.01,1.96,45314,8977812.0,2.5,-1.0,-0.02,1.0
2021-01-21,600242,1.98,2.08,2.08,1.97,68485,14011603.0,5.56,5.05,0.1,1.52
2021-01-22,600242,2.1,2.08,2.15,2.07,95432,20057362.0,3.85,0.0,0.0,2.11
2021-01-25,600242,2.07,2.05,2.07,1.98,58530,11778420.0,4.33,-1.44,-0.03,1.3
2021-01-26,600242,2.03,2.01,2.04,1.98,35869,7170764.0,2.93,-1.95,-0.04,0.79
2021-01-27,600242,2.01,2.11,2.11,1.97,65832,13522459.0,6.97,4.98,0.1,1.46
2021-01-28,600242,2.1,2.22,2.22,2.08,112608,24663656.0,6.64,5.21,0.11,2.5
2021-01-29,600242,2.3,2.33,2.33,2.27,66081,15330494.0,2.7,4.95,0.11,1.46
2021-02-01,600242,2.4,2.21,2.4,2.21,133187,30135857.0,8.15,-5.15,-0.12,2.95
2021-02-02,600242,2.22,2.16,2.25,2.1,64272,13952079.0,6.79,-2.26,-0.05,1.42
2021-02-03,600242,2.14,2.16,2.22,2.1,53035,11417361.0,5.56,0.0,0.0,1.18
2021-02-04,600242,2.14,2.1,2.16,2.09,46493,9851401.0,3.24,-2.78,-0.06,1.03
2021-02-05,600242,2.1,2.21,2.21,2.08,68532,14925672.0,6.19,5.24,0.11,1.52
2021-02-08,600242,2.23,2.2,2.26,2.19,77004,17128759.0,3.17,-0.45,-0.01,1.71
2021-02-09,600242,2.2,2.19,2.24,2.14,48074,10473338.0,4.55,-0.45,-0.01,1.07
2021-02-10,600242,2.2,2.18,2.24,2.17,37571,8275836.0,3.2,-0.46,-0.01,0.83
2021-02-18,600242,2.21,2.29,2.29,2.18,44369,9893172.0,5.05,5.05,0.11,0.98
2021-02-19,600242,2.26,2.37,2.4,2.25,79963,18708692.0,6.55,3.49,0.08,1.77
2021-02-22,600242,2.34,2.37,2.46,2.33,81626,19539198.0,5.49,0.0,0.0,1.81
2021-02-23,600242,2.35,2.32,2.36,2.28,60884,14097718.0,3.38,-2.11,-0.05,1.35
2021-02-24,600242,2.32,2.44,2.44,2.32,69728,16898708.0,5.17,5.17,0.12,1.55
2021-02-25,600242,2.44,2.5,2.56,2.42,159668,40275165.0,5.74,2.46,0.06,3.54
2021-02-26,600242,2.44,2.41,2.48,2.38,105119,25269738.0,4.0,-3.6,-0.09,2.33
2021-03-01,600242,2.43,2.45,2.48,2.4,63009,15387903.0,3.32,1.66,0.04,1.4
2021-03-02,600242,2.44,2.45,2.48,2.41,45420,11079473.0,2.86,0.0,0.0,1.01
2021-03-03,600242,2.48,2.57,2.57,2.45,111565,28481341.0,4.9,4.9,0.12,2.47
2021-03-04,600242,2.59,2.7,2.7,2.55,184740,48978393.0,5.84,5.06,0.13,4.09
2021-03-05,600242,2.82,2.84,2.84,2.75,70330,19888302.0,3.33,5.19,0.14,1.56
2021-03-08,600242,2.96,2.74,2.98,2.71,117408,34062587.0,9.51,-3.52,-0.1,2.6
2021-03-09,600242,2.85,2.88,2.88,2.71,220939,62831303.0,6.2,5.11,0.14,4.9
2021-03-10,600242,2.95,2.74,3.02,2.74,230832,66881168.0,9.72,-4.86,-0.14,5.11
2021-03-11,600242,2.65,2.62,2.69,2.6,172605,45217922.0,3.28,-4.38,-0.12,3.82
2021-03-12,600242,2.62,2.64,2.74,2.59,85434,22774900.0,5.73,0.76,0.02,1.89
2021-03-15,600242,2.57,2.64,2.67,2.51,70720,18292731.0,6.06,0.0,0.0,1.57
2021-03-16,600242,2.61,2.77,2.77,2.61,103392,28245808.0,6.06,4.92,0.13,2.29
2021-03-17,600242,2.77,2.77,2.85,2.74,104215,29040034.0,3.97,0.0,0.0,2.31
2021-03-18,600242,2.75,2.89,2.91,2.74,84484,24099926.0,6.14,4.33,0.12,1.87
2021-03-19,600242,2.87,2.9,3.01,2.84,109614,32209241.0,5.88,0.35,0.01,2.43
2021-03-22,600242,2.96,3.05,3.05,2.9,168901,51044442.0,5.17,5.17,0.15,3.74
2021-03-23,600242,3.06,3.08,3.17,2.95,170096,51600917.0,7.21,0.98,0.03,3.77
2021-03-24,600242,3.07,3.23,3.23,3.06,64722,20601232.0,5.52,4.87,0.15,1.43
2021-03-25,600242,3.32,3.1,3.39,3.07,228479,73636977.0,9.91,-4.02,-0.13,5.06
2021-03-26,600242,3.02,3.1,3.17,3.02,96169,29735263.0,4.84,0.0,0.0,2.13
2021-03-29,600242,3.12,3.24,3.26,3.12,112307,36094654.0,4.52,4.52,0.14,2.49
2021-03-30,600242,3.15,3.09,3.32,3.09,107487,34083409.0,7.1,-4.63,-0.15,2.38
2021-03-31,600242,3.05,3.07,3.11,2.95,71129,21403022.0,5.18,-0.65,-0.02,1.58
2021-04-01,600242,3.08,3.17,3.19,3.05,66642,20955552.0,4.56,3.26,0.1,1.48
2021-04-02,600242,3.16,3.15,3.24,3.11,46940,14760823.0,4.1,-0.63,-0.02,1.04
2021-04-06,600242,3.13,3.18,3.2,3.03,75646,23537399.0,5.4,0.95,0.03,1.68
2021-04-07,600242,3.15,3.18,3.2,3.09,48774,15348103.0,3.46,0.0,0.0,1.08
2021-04-08,600242,3.18,3.09,3.21,3.08,52339,16466798.0,4.09,-2.83,-0.09,1.16
2021-04-09,600242,3.06,3.08,3.11,3.03,51198,15720155.0,2.59,-0.32,-0.01,1.13
2021-04-12,600242,3.06,2.93,3.1,2.93,84105,25074714.0,5.52,-4.87,-0.15,1.86
2021-04-13,600242,2.89,2.78,2.9,2.78,102745,28795371.0,4.1,-5.12,-0.15,2.28
2021-04-14,600242,2.73,2.78,2.81,2.71,65684,18267577.0,3.6,0.0,0.0,1.46
2021-04-15,600242,2.78,2.76,2.8,2.73,45691,12584687.0,2.52,-0.72,-0.02,1.01
2021-04-16,600242,2.75,2.9,2.9,2.75,82880,23851499.0,5.43,5.07,0.14,1.84
2021-04-19,600242,2.87,2.91,2.91,2.81,98729,28241472.0,3.45,0.34,0.01,2.19
2021-04-20,600242,2.91,2.95,3.04,2.87,77391,22893293.0,5.84,1.37,0.04,1.71
2021-04-21,600242,2.92,2.97,3.03,2.92,58397,17434460.0,3.73,0.68,0.02,1.29
2021-04-22,600242,2.99,3.0,3.01,2.93,56943,16957427.0,2.69,1.01,0.03,1.26
2021-04-23,600242,2.98,2.97,3.04,2.96,39323,11781785.0,2.67,-1.0,-0.03,0.87
2021-04-26,600242,2.96,2.96,3.04,2.92,42368,12602799.0,4.04,-0.34,-0.01,0.94
2021-04-27,600242,2.94,2.81,2.95,2.81,84650,24127182.0,4.73,-5.07,-0.15,1.88
2021-04-28,600242,2.79,2.87,2.9,2.76,56122,15820222.0,4.98,2.14,0.06,1.24
2021-04-29,600242,2.85,2.8,2.85,2.77,58290,16370819.0,2.79,-2.44,-0.07,1.29
2021-04-30,600242,2.66,2.66,2.69,2.66,48995,13033713.0,1.07,-5.0,-0.14,1.09
2021-05-06,600242,2.53,2.53,2.6,2.53,35908,9099349.0,2.63,-4.89,-0.13,0.8
2021-05-07,600242,2.46,2.54,2.57,2.46,67209,17002382.0,4.35,0.4,0.01,1.49
2021-05-10,600242,2.5,2.65,2.67,2.49,79615,20928393.0,7.09,4.33,0.11,1.76
2021-05-11,600242,2.58,2.61,2.63,2.56,47925,12467479.0,2.64,-1.51,-0.04,1.06
2021-05-12,600242,2.61,2.66,2.72,2.59,41893,11196943.0,4.98,1.92,0.05,0.93
2021-05-13,600242,2.63,2.73,2.77,2.63,51062,13848352.0,5.26,2.63,0.07,1.13
2021-05-14,600242,2.78,2.72,2.78,2.71,52240,14315770.0,2.56,-0.37,-0.01,1.16
2021-05-17,600242,2.71,2.58,2.71,2.58,83186,21669424.0,4.78,-5.15,-0.14,1.84
2021-05-18,600242,2.56,2.63,2.66,2.56,46121,12114029.0,3.88,1.94,0.05,1.02
2021-05-20,600242,2.71,2.76,2.76,2.71,22012,6061275.0,1.9,4.94,0.13,0.49
2021-05-21,600242,2.87,2.62,2.88,2.62,140768,38129125.0,9.42,-5.07,-0.14,3.12
2021-05-24,600242,2.58,2.6,2.63,2.58,63344,16451694.0,1.91,-0.76,-0.02,1.4
2021-05-25,600242,2.61,2.61,2.63,2.58,43989,11446974.0,1.92,0.38,0.01,0.97
2021-05-26,600242,2.61,2.6,2.64,2.59,53558,13943477.0,1.92,-0.38,-0.01,1.19
2021-05-27,600242,2.59,2.61,2.64,2.59,32080,8398683.0,1.92,0.38,0.01,0.71
2021-05-28,600242,2.62,2.54,2.64,2.49,95751,24473173.0,5.75,-2.68,-0.07,2.12
2021-05-31,600242,2.46,2.47,2.5,2.41,102352,25028046.0,3.54,-2.76,-0.07,2.27
2021-06-01,600242,2.48,2.44,2.48,2.43,78046,19150114.0,2.02,-1.21,-0.03,1.73
2021-06-02,600242,2.43,2.45,2.49,2.42,81777,20082436.0,2.87,0.41,0.01,1.81
2021-06-03,600242,2.45,2.45,2.46,2.41,79006,19238548.0,2.04,0.0,0.0,1.75
2021-06-04,600242,2.44,2.46,2.5,2.44,72688,17908423.0,2.45,0.41,0.01,1.61
2021-06-07,600242,2.46,2.55,2.58,2.43,97641,24541115.0,6.1,3.66,0.09,2.16
2021-06-08,600242,2.51,2.53,2.54,2.46,101006,25246864.0,3.14,-0.78,-0.02,2.24
2021-06-09,600242,2.52,2.59,2.63,2.51,104007,26894236.0,4.74,2.37,0.06,2.3
2021-06-10,600242,2.61,2.6,2.64,2.57,89229,23180364.0,2.7,0.39,0.01,1.98
2021-06-11,600242,2.6,2.65,2.69,2.58,88707,23524179.0,4.23,1.92,0.05,1.97
2021-06-15,600242,2.63,2.52,2.65,2.52,83184,21349883.0,4.91,-4.91,-0.13,1.84
2021-06-16,600242,2.52,2.53,2.57,2.47,39327,9965859.0,3.97,0.4,0.01,0.87
2021-06-17,600242,2.51,2.52,2.55,2.51,36623,9247729.0,1.58,-0.4,-0.01,0.81
2021-06-18,600242,2.53,2.56,2.64,2.5,58218,14927179.0,5.56,1.59,0.04,1.29
2021-06-21,600242,2.56,2.58,2.61,2.53,42239,10893152.0,3.13,0.78,0.02,0.94
2021-06-22,600242,2.57,2.64,2.66,2.57,59604,15687152.0,3.49,2.33,0.06,1.32
2021-06-23,600242,2.62,2.7,2.74,2.61,81994,21867030.0,4.92,2.27,0.06,1.82
2021-06-24,600242,2.7,2.74,2.77,2.67,84271,22984732.0,3.7,1.48,0.04,1.87
2021-06-25,600242,2.73,2.88,2.88,2.72,151001,43135816.0,5.84,5.11,0.14,3.35
2021-06-28,600242,2.94,2.74,2.97,2.74,216641,61059699.0,7.99,-4.86,-0.14,4.8
2021-06-29,600242,2.69,2.8,2.8,2.65,113074,30663045.0,5.47,2.19,0.06,2.51
2021-06-30,600242,2.77,2.77,2.88,2.77,95273,26746931.0,3.93,-1.07,-0.03,2.11
2021-07-01,600242,2.76,2.63,2.77,2.63,90108,24279973.0,5.05,-5.05,-0.14,2.0
2021-07-02,600242,2.61,2.62,2.67,2.59,66724,17549830.0,3.04,-0.38,-0.01,1.48
2021-07-05,600242,2.62,2.7,2.72,2.62,54889,14703790.0,3.82,3.05,0.08,1.22
2021-07-06,600242,2.7,2.73,2.76,2.7,57990,15816734.0,2.22,1.11,0.03,1.28
2021-07-07,600242,2.71,2.87,2.87,2.7,171210,48783630.0,6.23,5.13,0.14,3.79
2021-07-08,600242,2.92,2.82,2.92,2.8,141893,40476883.0,4.18,-1.74,-0.05,3.14
2021-07-09,600242,2.81,2.96,2.96,2.81,208247,61364094.0,5.32,4.96,0.14,4.61
2021-07-12,600242,2.91,2.88,3.11,2.87,276734,82956498.0,8.11,-2.7,-0.08,6.13
2021-07-13,600242,2.93,3.02,3.02,2.92,71595,21462958.0,3.47,4.86,0.14,1.59
2021-07-14,600242,3.05,2.91,3.17,2.89,248374,75125517.0,9.27,-3.64,-0.11,5.5
2021-07-15,600242,2.88,2.88,2.91,2.76,132444,37479422.0,5.15,-1.03,-0.03,2.93
2021-07-16,600242,2.88,2.95,2.99,2.84,86727,25306357.0,5.21,2.43,0.07,1.92
2021-07-19,600242,2.94,2.82,2.96,2.8,101250,28911144.0,5.42,-4.41,-0.13,2.24
2021-07-20,600242,2.78,2.86,2.87,2.78,50905,14386562.0,3.19,1.42,0.04,1.13
2021-07-21,600242,2.85,2.84,2.88,2.82,58865,16763886.0,2.1,-0.7,-0.02,1.3
2021-07-22,600242,2.83,2.75,2.84,2.72,83891,23279072.0,4.23,-3.17,-0.09,1.86
2021-07-23,600242,2.74,2.7,2.74,2.66,64555,17393760.0,2.91,-1.82,-0.05,1.43
2021-07-26,600242,2.7,2.62,2.7,2.57,72680,19066632.0,4.81,-2.96,-0.08,1.61
2021-07-27,600242,2.61,2.62,2.68,2.61,42712,11265157.0,2.67,0.0,0.0,0.95
2021-07-28,600242,2.62,2.52,2.62,2.5,47793,12130374.0,4.58,-3.82,-0.1,1.06
2021-07-29,600242,2.52,2.58,2.6,2.52,34612,8906834.0,3.17,2.38,0.06,0.77
2021-07-30,600242,2.58,2.65,2.67,2.58,42240,11147454.0,3.49,2.71,0.07,0.94
2021-08-02,600242,2.7,2.68,2.73,2.62,33888,9011234.0,4.15,1.13,0.03,0.75
2021-08-03,600242,2.65,2.59,2.7,2.59,71837,18931834.0,4.1,-3.36,-0.09,1.59
2021-08-04,600242,2.59,2.6,2.62,2.57,33758,8763960.0,1.93,0.39,0.01,0.75
2021-08-05,600242,2.6,2.59,2.62,2.58,36132,9376798.0,1.54,-0.38,-0.01,0.8
2021-08-06,600242,2.58,2.57,2.59,2.54,38946,9959857.0,1.93,-0.77,-0.02,0.86
2021-08-09,600242,2.57,2.61,2.63,2.53,37515,9685125.0,3.89,1.56,0.04,0.83
2021-08-10,600242,2.62,2.64,2.69,2.6,40884,10834930.0,3.45,1.15,0.03,0.91
2021-08-11,600242,2.64,2.62,2.64,2.6,34698,9087654.0,1.52,-0.76,-0.02,0.77
2021-08-12,600242,2.61,2.59,2.63,2.53,46933,12153814.0,3.82,-1.15,-0.03,1.04
2021-08-13,600242,2.58,2.59,2.6,2.56,39628,10202637.0,1.54,0.0,0.0,0.88
2021-08-16,600242,2.6,2.62,2.64,2.59,48337,12625431.0,1.93,1.16,0.03,1.07
2021-08-17,600242,2.62,2.61,2.71,2.6,80745,21405674.0,4.2,-0.38,-0.01,1.79
2021-08-18,600242,2.61,2.64,2.67,2.6,43870,11519183.0,2.68,1.15,0.03,0.97
2021-08-19,600242,2.63,2.62,2.66,2.61,55358,14560560.0,1.89,-0.76,-0.02,1.23
2021-08-20,600242,2.63,2.57,2.65,2.53,61995,15890408.0,4.58,-1.91,-0.05,1.37
2021-08-23,600242,2.53,2.58,2.6,2.53,39679,10224776.0,2.72,0.39,0.01,0.88
2021-08-24,600242,2.58,2.58,2.62,2.56,50503,13096078.0,2.33,0.0,0.0,1.12
2021-08-25,600242,2.58,2.59,2.61,2.57,49565,12841611.0,1.55,0.39,0.01,1.1
2021-08-26,600242,2.6,2.61,2.64,2.59,64056,16677916.0,1.93,0.77,0.02,1.42
2021-08-27,600242,2.61,2.61,2.62,2.59,49570,12896651.0,1.15,0.0,0.0,1.1
2021-08-30,600242,2.61,2.66,2.68,2.6,78888,20789021.0,3.07,1.92,0.05,1.75
2021-08-31,600242,2.57,2.6,2.62,2.57,71250,18491915.0,1.88,-2.26,-0.06,1.58
2021-09-01,600242,2.61,2.59,2.62,2.57,67832,17615271.0,1.92,-0.38,-0.01,1.5
2021-09-02,600242,2.59,2.58,2.6,2.55,59174,15269711.0,1.93,-0.39,-0.01,1.31
2021-09-03,600242,2.57,2.59,2.61,2.57,48700,12619262.0,1.55,0.39,0.01,1.08
2021-09-06,600242,2.58,2.71,2.72,2.57,163903,44328385.0,5.79,4.63,0.12,3.63
2021-09-07,600242,2.68,2.67,2.7,2.64,110977,29603197.0,2.21,-1.48,-0.04,2.46
2021-09-08,600242,2.66,2.68,2.74,2.64,90686,24343290.0,3.75,0.37,0.01,2.01
2021-09-09,600242,2.68,2.74,2.8,2.67,127101,34935481.0,4.85,2.24,0.06,2.82
2021-09-10,600242,2.67,2.65,2.75,2.62,122609,32805691.0,4.74,-3.28,-0.09,2.72
2021-09-13,600242,2.62,2.64,2.65,2.6,46216,12148568.0,1.89,-0.38,-0.01,1.02
2021-09-14,600242,2.64,2.63,2.67,2.61,45095,11895486.0,2.27,-0.38,-0.01,1.0
2021-09-15,600242,2.64,2.62,2.65,2.61,29055,7626614.0,1.52,-0.38,-0.01,0.64
2021-09-16,600242,2.63,2.59,2.64,2.58,42325,11042728.0,2.29,-1.15,-0.03,0.94
2021-09-17,600242,2.6,2.56,2.61,2.52,44222,11348303.0,3.47,-1.16,-0.03,0.98
2021-09-22,600242,2.53,2.49,2.56,2.45,59920,14915587.0,4.3,-2.73,-0.07,1.33
2021-09-23,600242,2.52,2.55,2.56,2.48,44348,11237151.0,3.21,2.41,0.06,0.98
2021-09-24,600242,2.54,2.5,2.55,2.5,28703,7232331.0,1.96,-1.96,-0.05,0.64
2021-09-27,600242,2.56,2.47,2.56,2.44,40916,10190706.0,4.8,-1.2,-0.03,0.91
2021-09-28,600242,2.49,2.46,2.52,2.44,22545,5568884.0,3.24,-0.4,-0.01,0.5
2021-09-29,600242,2.44,2.37,2.44,2.36,39708,9492524.0,3.25,-3.66,-0.09,0.88
2021-09-30,600242,2.38,2.41,2.42,2.38,19686,4720824.0,1.69,1.69,0.04,0.44
2021-10-08,600242,2.42,2.48,2.49,2.42,24480,6017149.0,2.9,2.9,0.07,0.54
2021-10-11,600242,2.48,2.49,2.52,2.44,28821,7138268.0,3.23,0.4,0.01,0.64
2021-10-12,600242,2.48,2.46,2.52,2.45,31777,7864324.0,2.81,-1.2,-0.03,0.7
2021-10-13,600242,2.47,2.47,2.5,2.45,28179,6976476.0,2.03,0.41,0.01,0.62
2021-10-14,600242,2.47,2.48,2.51,2.45,35270,8728331.0,2.43,0.4,0.01,0.78
2021-10-15,600242,2.49,2.46,2.49,2.44,27686,6801747.0,2.02,-0.81,-0.02,0.61
2021-10-18,600242,2.45,2.45,2.47,2.44,15555,3813410.0,1.22,-0.41,-0.01,0.34
2021-10-19,600242,2.46,2.45,2.46,2.44,15564,3811929.0,0.82,0.0,0.0,0.34
2021-10-20,600242,2.45,2.44,2.46,2.42,23320,5680266.0,1.63,-0.41,-0.01,0.52
2021-10-21,600242,2.44,2.42,2.46,2.41,22179,5399811.0,2.05,-0.82,-0.02,0.49
2021-10-22,600242,2.42,2.42,2.44,2.4,17823,4308044.0,1.65,0.0,0.0,0.39
2021-10-25,600242,2.42,2.45,2.45,2.4,24980,6050129.0,2.07,1.24,0.03,0.55
2021-10-26,600242,2.45,2.42,2.46,2.41,13016,3158853.0,2.04,-1.22,-0.03,0.29
2021-10-27,600242,2.41,2.31,2.42,2.3,46778,10995420.0,4.96,-4.55,-0.11,1.04
2021-10-28,600242,2.3,2.29,2.33,2.26,27791,6361841.0,3.03,-0.87,-0.02,0.62
2021-10-29,600242,2.29,2.34,2.34,2.29,16901,3915008.0,2.18,2.18,0.05,0.37
2021-11-01,600242,2.33,2.25,2.33,2.23,79147,17880006.0,4.27,-3.85,-0.09,1.75
2021-11-02,600242,2.24,2.15,2.26,2.14,89542,19492840.0,5.33,-4.44,-0.1,1.98
2021-11-03,600242,2.14,2.15,2.17,2.12,54668,11703285.0,2.33,0.0,0.0,1.21
2021-11-04,600242,2.15,2.18,2.19,2.13,51000,11027504.0,2.79,1.4,0.03,1.13
2021-11-05,600242,2.18,2.18,2.2,2.17,49088,10710669.0,1.38,0.0,0.0,1.09
2021-11-08,600242,2.17,2.22,2.23,2.17,48461,10654772.0,2.75,1.83,0.04,1.07
2021-11-09,600242,2.23,2.25,2.28,2.22,53868,12113066.0,2.7,1.35,0.03,1.19
2021-11-10,600242,2.26,2.3,2.32,2.23,53959,12233143.0,4.0,2.22,0.05,1.2
2021-11-11,600242,2.29,2.3,2.33,2.27,38622,8921878.0,2.61,0.0,0.0,0.86
2021-11-12,600242,2.28,2.33,2.36,2.28,53624,12410127.0,3.48,1.3,0.03,1.19
2021-11-15,600242,2.34,2.31,2.36,2.27,37486,8657939.0,3.86,-0.86,-0.02,0.83
2021-11-16,600242,2.29,2.31,2.35,2.28,36398,8430081.0,3.03,0.0,0.0,0.81
2021-11-17,600242,2.32,2.34,2.37,2.29,42820,10005766.0,3.46,1.3,0.03,0.95
2021-11-18,600242,2.34,2.32,2.36,2.3,35470,8238794.0,2.56,-0.85,-0.02,0.79
2021-11-19,600242,2.32,2.28,2.33,2.21,92792,21175744.0,5.17,-1.72,-0.04,2.06
2021-11-22,600242,2.25,2.24,2.26,2.22,64388,14394674.0,1.75,-1.75,-0.04,1.43
2021-11-23,600242,2.24,2.25,2.27,2.22,52911,11890364.0,2.23,0.45,0.01,1.17
2021-11-24,600242,2.25,2.24,2.26,2.22,40747,9114597.0,1.78,-0.44,-0.01,0.9
2021-11-25,600242,2.24,2.27,2.3,2.23,65926,14898883.0,3.13,1.34,0.03,1.46
2021-11-26,600242,2.27,2.24,2.27,2.23,38587,8649305.0,1.76,-1.32,-0.03,0.86
2021-11-29,600242,2.22,2.24,2.25,2.2,30374,6782665.0,2.23,0.0,0.0,0.67
2021-11-30,600242,2.24,2.35,2.35,2.23,62716,14600314.0,5.36,4.91,0.11,1.39
2021-12-01,600242,2.4,2.37,2.42,2.34,102222,24202021.0,3.4,0.85,0.02,2.27
2021-12-02,600242,2.36,2.41,2.48,2.36,112000,27204530.0,5.06,1.69,0.04,2.48
2021-12-03,600242,2.42,2.42,2.45,2.38,61700,14875449.0,2.9,0.41,0.01,1.37
2021-12-06,600242,2.43,2.48,2.54,2.4,119586,29797404.0,5.79,2.48,0.06,2.65
2021-12-07,600242,2.48,2.6,2.6,2.47,184759,47445741.0,5.24,4.84,0.12,4.09
2021-12-08,600242,2.67,2.56,2.73,2.55,271579,72801188.0,6.92,-1.54,-0.04,6.02
2021-12-09,600242,2.58,2.66,2.69,2.57,238707,63228668.0,4.69,3.91,0.1,5.29
2021-12-10,600242,2.63,2.56,2.66,2.53,167974,43259381.0,4.89,-3.76,-0.1,3.72
2021-12-13,600242,2.55,2.52,2.58,2.48,97601,24558213.0,3.91,-1.56,-0.04,2.16
2021-12-14,600242,2.51,2.52,2.56,2.49,65304,16514831.0,2.78,0.0,0.0,1.45
2021-12-15,600242,2.51,2.57,2.61,2.5,71962,18391469.0,4.37,1.98,0.05,1.59
2021-12-16,600242,2.56,2.65,2.69,2.55,110751,29063042.0,5.45,3.11,0.08,2.45
2021-12-17,600242,2.64,2.6,2.66,2.59,84417,22096427.0,2.64,-1.89,-0.05,1.87
2021-12-20,600242,2.56,2.5,2.59,2.5,77521,19679101.0,3.46,-3.85,-0.1,1.72
2021-12-21,600242,2.5,2.53,2.55,2.48,43592,11042371.0,2.8,1.2,0.03,0.97
2021-12-22,600242,2.53,2.59,2.6,2.53,50049,12872107.0,2.77,2.37,0.06,1.11
2021-12-23,600242,2.6,2.59,2.61,2.55,55114,14230057.0,2.32,0.0,0.0,1.22
2021-12-24,600242,2.58,2.64,2.72,2.56,126711,33780552.0,6.18,1.93,0.05,2.81
2021-12-27,600242,2.59,2.6,2.66,2.58,62018,16205446.0,3.03,-1.52,-0.04,1.37
2021-12-28,600242,2.69,2.73,2.73,2.66,162952,44220051.0,2.69,5.0,0.13,3.61
2021-12-29,600242,2.71,2.61,2.71,2.6,126899,33570187.0,4.03,-4.4,-0.12,2.81
2021-12-30,600242,2.6,2.65,2.7,2.6,67606,17919115.0,3.83,1.53,0.04,1.5
2021-12-31,600242,2.62,2.73,2.77,2.62,97769,26433856.0,5.66,3.02,0.08,2.17
2022-01-04,600242,2.72,2.72,2.81,2.7,94570,25998546.0,4.03,-0.37,-0.01,2.1
2022-01-05,600242,2.69,2.72,2.76,2.67,114955,31208164.0,3.31,0.0,0.0,2.55
2022-01-06,600242,2.7,2.72,2.77,2.7,73089,19953032.0,2.57,0.0,0.0,1.62
2022-01-07,600242,2.71,2.65,2.74,2.63,88939,23846900.0,4.04,-2.57,-0.07,1.97
2022-01-10,600242,2.66,2.68,2.74,2.63,85109,22898346.0,4.15,1.13,0.03,1.89
2022-01-11,600242,2.68,2.78,2.8,2.67,113746,31357639.0,4.85,3.73,0.1,2.52
2022-01-12,600242,2.78,2.76,2.85,2.74,72350,20093407.0,3.96,-0.72,-0.02,1.6
2022-01-13,600242,2.76,2.81,2.85,2.74,90742,25441665.0,3.99,1.81,0.05,2.01
2022-01-14,600242,2.8,2.71,2.82,2.68,101873,27961463.0,4.98,-3.56,-0.1,2.26
2022-01-17,600242,2.7,2.7,2.74,2.67,44576,12039387.0,2.58,-0.37,-0.01,0.99
2022-01-18,600242,2.69,2.67,2.76,2.64,69657,18694097.0,4.44,-1.11,-0.03,1.54
2022-01-19,600242,2.67,2.61,2.68,2.59,83186,21904888.0,3.37,-2.25,-0.06,1.84
2022-01-20,600242,2.59,2.51,2.61,2.5,107684,27400826.0,4.21,-3.83,-0.1,2.39
2022-01-21,600242,2.5,2.53,2.54,2.43,57352,14268988.0,4.38,0.8,0.02,1.27
2022-01-24,600242,2.51,2.52,2.56,2.5,29329,7430081.0,2.37,-0.4,-0.01,0.65
2022-01-25,600242,2.51,2.43,2.52,2.39,62499,15224031.0,5.16,-3.57,-0.09,1.38
2022-01-26,600242,2.42,2.43,2.45,2.39,27337,6610799.0,2.47,0.0,0.0,0.61
2022-01-27,600242,2.39,2.31,2.42,2.31,42325,9905048.0,4.53,-4.94,-0.12,0.94
2022-01-28,600242,2.34,2.39,2.41,2.31,34493,8139029.0,4.33,3.46,0.08,0.76
2022-02-07,600242,2.4,2.38,2.43,2.35,29903,7105640.0,3.35,-0.42,-0.01,0.66
2022-02-08,600242,2.38,2.47,2.49,2.36,42191,10307181.0,5.46,3.78,0.09,0.93
2022-02-09,600242,2.47,2.47,2.49,2.43,33955,8350810.0,2.43,0.0,0.0,0.75
2022-02-10,600242,2.46,2.47,2.47,2.44,20819,5112093.0,1.21,0.0,0.0,0.46
2022-02-11,600242,2.45,2.38,2.46,2.36,46398,11120481.0,4.05,-3.64,-0.09,1.03
2022-02-14,600242,2.35,2.36,2.37,2.31,29763,6969173.0,2.52,-0.84,-0.02,0.66
2022-02-15,600242,2.35,2.36,2.37,2.34,15379,3619232.0,1.27,0.0,0.0,0.34
2022-02-16,600242,2.34,2.38,2.39,2.34,16185,3839258.0,2.12,0.85,0.02,0.36
2022-02-17,600242,2.37,2.36,2.4,2.34,25607,6068909.0,2.52,-0.84,-0.02,0.57
2022-02-18,600242,2.34,2.41,2.43,2.34,31134,7444100.0,3.81,2.12,0.05,0.69
2022-02-21,600242,2.43,2.5,2.5,2.42,46050,11327230.0,3.32,3.73,0.09,1.02
2022-02-22,600242,2.47,2.49,2.52,2.46,45227,11229282.0,2.4,-0.4,-0.01,1.0
2022-02-23,600242,2.48,2.5,2.5,2.46,29306,7256916.0,1.61,0.4,0.01,0.65
2022-02-24,600242,2.49,2.4,2.49,2.38,57337,13905484.0,4.4,-4.0,-0.1,1.27
2022-02-25,600242,2.4,2.4,2.44,2.39,26330,6357825.0,2.08,0.0,0.0,0.58
2022-02-28,600242,2.4,2.38,2.41,2.38,21906,5233381.0,1.25,-0.83,-0.02,0.49
2022-03-01,600242,2.38,2.42,2.43,2.38,29850,7207829.0,2.1,1.68,0.04,0.66
2022-03-02,600242,2.4,2.44,2.45,2.4,21861,5309361.0,2.07,0.83,0.02,0.48
2022-03-03,600242,2.43,2.43,2.45,2.41,20862,5070166.0,1.64,-0.41,-0.01,0.46
2022-03-04,600242,2.43,2.41,2.43,2.39,51884,12466162.0,1.65,-0.82,-0.02,1.15
2022-03-07,600242,2.42,2.37,2.42,2.35,34680,8256436.0,2.9,-1.66,-0.04,0.77
2022-03-08,600242,2.37,2.32,2.38,2.31,26157,6098561.0,2.95,-2.11,-0.05,0.58
2022-03-09,600242,2.32,2.25,2.33,2.2,43526,9783668.0,5.6,-3.02,-0.07,0.96
2022-03-10,600242,2.29,2.29,2.33,2.26,32050,7353227.0,3.11,1.78,0.04,0.71
2022-03-11,600242,2.27,2.29,2.31,2.23,22255,5042120.0,3.49,0.0,0.0,0.49
2022-03-14,600242,2.29,2.27,2.29,2.24,26191,5927224.0,2.18,-0.87,-0.02,0.58
2022-03-15,600242,2.25,2.17,2.25,2.16,37020,8130364.0,3.96,-4.41,-0.1,0.82
2022-03-16,600242,2.19,2.19,2.2,2.09,37009,7988975.0,5.07,0.92,0.02,0.82
2022-03-17,600242,2.18,2.23,2.27,2.18,28809,6449236.0,4.11,1.83,0.04,0.64
2022-03-18,600242,2.22,2.28,2.29,2.22,22254,5040622.0,3.14,2.24,0.05,0.49
2022-03-21,600242,2.32,2.39,2.39,2.31,37246,8858013.0,3.51,4.82,0.11,0.83
2022-03-22,600242,2.46,2.44,2.51,2.42,100715,24952585.0,3.77,2.09,0.05,2.23
2022-03-23,600242,2.43,2.44,2.48,2.39,53434,12970343.0,3.69,0.0,0.0,1.18
2022-03-24,600242,2.43,2.56,2.56,2.43,100895,25410529.0,5.33,4.92,0.12,2.24
2022-03-25,600242,2.62,2.6,2.67,2.54,121672,31567649.0,5.08,1.56,0.04,2.7
2022-03-28,600242,2.56,2.51,2.59,2.47,83294,21016511.0,4.62,-3.46,-0.09,1.85
2022-03-29,600242,2.5,2.49,2.55,2.47,45471,11357655.0,3.19,-0.8,-0.02,1.01
2022-03-30,600242,2.48,2.49,2.53,2.42,56669,14054537.0,4.42,0.0,0.0,1.26
2022-03-31,600242,2.48,2.59,2.61,2.46,81650,20713850.0,6.02,4.02,0.1,1.81
2022-04-01,600242,2.57,2.62,2.69,2.55,91139,23911470.0,5.41,1.16,0.03,2.02
2022-04-06,600242,2.61,2.6,2.66,2.58,41330,10780303.0,3.05,-0.76,-0.02,0.92
2022-04-07,600242,2.61,2.59,2.63,2.53,44123,11388320.0,3.85,-0.38,-0.01,0.98
2022-04-08,600242,2.59,2.63,2.67,2.57,54146,14223658.0,3.86,1.54,0.04,1.2
2022-04-11,600242,2.68,2.64,2.76,2.61,142804,38646214.0,5.7,0.38,0.01,3.16
2022-04-12,600242,2.57,2.53,2.61,2.51,100668,25490786.0,3.79,-4.17,-0.11,2.23
2022-04-13,600242,2.49,2.55,2.62,2.45,63546,16071990.0,6.72,0.79,0.02,1.41
2022-04-14,600242,2.52,2.52,2.56,2.51,28019,7097168.0,1.96,-1.18,-0.03,0.62
2022-04-15,600242,2.52,2.39,2.54,2.39,63007,15445237.0,5.95,-5.16,-0.13,1.4
2022-04-18,600242,2.38,2.4,2.43,2.3,37674,8892951.0,5.44,0.42,0.01,0.83
2022-04-19,600242,2.38,2.35,2.4,2.32,36705,8600902.0,3.33,-2.08,-0.05,0.81
2022-04-20,600242,2.35,2.23,2.37,2.23,92194,20915858.0,5.96,-5.11,-0.12,2.04
2022-04-21,600242,2.18,2.13,2.23,2.12,71956,15515593.0,4.93,-4.48,-0.1,1.59
2022-04-22,600242,2.14,2.16,2.19,2.08,56619,12203960.0,5.16,1.41,0.03,1.25
2022-04-25,600242,2.05,2.05,2.05,2.05,17795,3647975.0,0.0,-5.09,-0.11,0.39
2022-04-26,600242,1.95,1.95,1.95,1.95,6864,1338480.0,0.0,-4.88,-0.1,0.15
2022-04-27,600242,1.85,1.85,1.85,1.85,6913,1278905.0,0.0,-5.13,-0.1,0.15
2022-04-28,600242,1.76,1.76,1.76,1.76,3953,695728.0,0.0,-4.86,-0.09,0.09
2022-04-29,600242,1.67,1.71,1.75,1.67,256184,43141378.0,4.55,-2.84,-0.05,5.68
2022-05-06,600242,1.73,1.8,1.8,1.72,53263,9364692.0,4.68,5.26,0.09,1.18
2022-05-09,600242,1.89,1.89,1.89,1.89,4080,771120.0,0.0,5.0,0.09,0.09
2022-05-10,600242,1.96,1.98,1.98,1.86,207237,40459267.0,6.35,4.76,0.09,4.59
2022-05-11,600242,2.03,2.0,2.03,1.88,165320,32133043.0,7.58,1.01,0.02,3.66
2022-05-12,600242,1.96,2.07,2.1,1.9,120325,24294205.0,10.0,3.5,0.07,2.67
2022-05-13,600242,2.07,2.06,2.08,2.01,56753,11622613.0,3.38,-0.48,-0.01,1.26
2022-05-16,600242,2.03,1.99,2.05,1.97,53054,10565898.0,3.88,-3.4,-0.07,1.18
2022-05-17,600242,2.0,1.93,2.0,1.89,74257,14213658.0,5.53,-3.02,-0.06,1.65
2022-05-18,600242,1.94,1.93,1.97,1.88,57473,11019004.0,4.66,0.0,0.0,1.27
2022-05-19,600242,1.87,1.91,1.93,1.86,58837,11178590.0,3.63,-1.04,-0.02,1.3
2022-05-20,600242,1.91,1.95,2.01,1.9,80301,15662133.0,5.76,2.09,0.04,1.78
2022-05-23,600242,1.96,1.97,2.0,1.92,65653,12842126.0,4.1,1.03,0.02,1.45
2022-05-24,600242,1.96,1.87,1.96,1.87,68876,13122821.0,4.57,-5.08,-0.1,1.53
2022-05-25,600242,1.86,1.88,1.89,1.82,48966,9103707.0,3.74,0.53,0.01,1.09
2022-05-26,600242,1.86,1.85,1.87,1.81,51599,9519992.0,3.19,-1.6,-0.03,1.14
2022-05-27,600242,1.85,1.85,1.86,1.82,28238,5195121.0,2.16,0.0,0.0,0.63
2022-05-30,600242,1.85,1.88,1.88,1.82,45657,8443432.0,3.24,1.62,0.03,1.01
2022-05-31,600242,1.86,1.88,1.9,1.85,38188,7135138.0,2.66,0.0,0.0,0.85
2022-06-01,600242,1.87,1.9,1.93,1.86,64504,12268864.0,3.72,1.06,0.02,1.43
2022-06-02,600242,1.88,1.91,1.98,1.87,51697,9837717.0,5.79,0.53,0.01,1.15
2022-06-06,600242,1.92,1.89,1.98,1.88,81051,15537151.0,5.24,-1.05,-0.02,1.8
2022-06-07,600242,1.89,1.81,1.89,1.8,97953,17843571.0,4.76,-4.23,-0.08,2.17
2022-06-08,600242,1.79,1.83,1.84,1.78,56496,10227875.0,3.31,1.1,0.02,1.25
2022-06-09,600242,1.82,1.85,1.89,1.82,75432,13990586.0,3.83,1.09,0.02,1.67
2022-06-10,600242,1.84,1.84,1.87,1.83,33994,6262358.0,2.16,-0.54,-0.01,0.75
2022-06-13,600242,1.84,1.93,1.93,1.82,77229,14640539.0,5.98,4.89,0.09,1.71
2022-06-14,600242,1.95,1.98,2.02,1.86,80939,15820333.0,8.29,2.59,0.05,1.79
2022-06-15,600242,1.97,1.95,2.03,1.92,58599,11497640.0,5.56,-1.52,-0.03,1.3
2022-06-16,600242,1.96,1.93,1.97,1.92,33488,6488484.0,2.56,-1.03,-0.02,0.74
2022-06-17,600242,1.92,1.87,1.92,1.85,39829,7503320.0,3.63,-3.11,-0.06,0.88
2022-06-20,600242,1.87,1.91,1.95,1.85,79436,15113033.0,5.35,2.14,0.04,1.76
2022-06-21,600242,1.91,1.89,1.93,1.85,36184,6781692.0,4.19,-1.05,-0.02,0.8
2022-06-22,600242,1.89,1.84,1.9,1.83,27712,5136806.0,3.7,-2.65,-0.05,0.61
2022-06-23,600242,1.87,1.87,1.89,1.84,35938,6678813.0,2.72,1.63,0.03,0.8
2022-06-24,600242,1.86,1.84,1.89,1.81,35256,6532809.0,4.28,-1.6,-0.03,0.78
2022-06-27,600242,1.75,1.75,1.8,1.75,121143,21279757.0,2.72,-4.89,-0.09,2.68
2022-06-28,600242,1.73,1.76,1.79,1.72,79649,13962895.0,4.0,0.57,0.01,1.76
2022-06-29,600242,1.75,1.67,1.77,1.67,165449,27989330.0,5.68,-5.11,-0.09,3.67
2022-06-30,600242,1.67,1.7,1.72,1.65,84000,14110740.0,4.19,1.8,0.03,1.86
2022-07-01,600242,1.7,1.71,1.72,1.68,45724,7779656.0,2.35,0.59,0.01,1.01
2022-07-04,600242,1.73,1.8,1.8,1.73,151324,27084752.0,4.09,5.26,0.09,3.35
2022-07-05,600242,1.72,1.72,1.77,1.71,118287,20332703.0,3.33,-4.44,-0.08,2.62
2022-07-06,600242,1.7,1.72,1.73,1.69,50324,8616376.0,2.33,0.0,0.0,1.12
2022-07-07,600242,1.71,1.71,1.73,1.67,63103,10707881.0,3.49,-0.58,-0.01,1.4
2022-07-08,600242,1.7,1.71,1.74,1.68,58933,10045934.0,3.51,0.0,0.0,1.31
2022-07-11,600242,1.72,1.71,1.72,1.68,36354,6182430.0,2.34,0.0,0.0,0.81
2022-07-12,600242,1.71,1.71,1.75,1.69,51180,8831137.0,3.51,0.0,0.0,1.13
2022-07-13,600242,1.71,1.75,1.77,1.71,55134,9594933.0,3.51,2.34,0.04,1.22
2022-07-14,600242,1.74,1.71,1.75,1.69,55608,9558095.0,3.43,-2.29,-0.04,1.23
2022-07-15,600242,1.68,1.62,1.69,1.62,80399,13168829.0,4.09,-5.26,-0.09,1.78
2022-07-18,600242,1.62,1.65,1.66,1.6,51591,8448162.0,3.7,1.85,0.03,1.14
2022-07-19,600242,1.64,1.7,1.71,1.64,45851,7720494.0,4.24,3.03,0.05,1.02
2022-07-20,600242,1.69,1.75,1.75,1.69,61558,10659565.0,3.53,2.94,0.05,1.36
2022-07-21,600242,1.76,1.78,1.83,1.75,91538,16386248.0,4.57,1.71,0.03,2.03
2022-07-22,600242,1.77,1.78,1.8,1.74,73364,12987970.0,3.37,0.0,0.0,1.63
2022-07-25,600242,1.75,1.83,1.86,1.74,111766,20068249.0,6.74,2.81,0.05,2.48
2022-07-26,600242,1.8,1.9,1.92,1.8,212928,40343815.0,6.56,3.83,0.07,4.72
2022-07-27,600242,1.91,1.81,1.91,1.81,157874,28963756.0,5.26,-4.74,-0.09,3.5
2022-07-28,600242,1.79,1.85,1.86,1.79,103020,18860302.0,3.87,2.21,0.04,2.28
2022-07-29,600242,1.84,1.77,1.85,1.76,97142,17483230.0,4.86,-4.32,-0.08,2.15
2022-08-01,600242,1.76,1.81,1.84,1.74,74170,13326997.0,5.65,2.26,0.04,1.64
2022-08-02,600242,1.78,1.72,1.79,1.72,93082,16077830.0,3.87,-4.97,-0.09,2.06
2022-08-03,600242,1.73,1.7,1.78,1.7,74418,12921295.0,4.65,-1.16,-0.02,1.65
2022-08-04,600242,1.72,1.76,1.79,1.71,128088,22442684.0,4.71,3.53,0.06,2.84
2022-08-05,600242,1.76,1.8,1.85,1.76,132959,23955958.0,5.11,2.27,0.04,2.95
2022-08-08,600242,1.78,1.81,1.81,1.72,104519,18375997.0,5.0,0.56,0.01,2.32
2022-08-09,600242,1.78,1.82,1.86,1.78,98683,18017727.0,4.42,0.55,0.01,2.19
2022-08-10,600242,1.8,1.82,1.85,1.8,79290,14467148.0,2.75,0.0,0.0,1.76
2022-08-11,600242,1.83,1.81,1.84,1.79,95113,17239913.0,2.75,-0.55,-0.01,2.11
2022-08-12,600242,1.81,1.8,1.81,1.77,69401,12439059.0,2.21,-0.55,-0.01,1.54
2022-08-15,600242,1.79,1.78,1.82,1.74,171311,30489866.0,4.44,-1.11,-0.02,3.8
2022-08-16,600242,1.77,1.87,1.87,1.76,215026,39440432.0,6.18,5.06,0.09,4.76
2022-08-17,600242,1.91,1.91,1.96,1.89,323923,62909690.0,3.74,2.14,0.04,7.18
2022-08-18,600242,1.9,1.99,2.01,1.86,344930,67280484.0,7.85,4.19,0.08,7.64
2022-08-19,600242,1.96,2.09,2.09,1.94,203387,41240142.0,7.54,5.03,0.1,4.51
2022-08-22,600242,2.15,2.07,2.19,2.01,334693,70456714.0,8.61,-0.96,-0.02,7.42
2022-08-23,600242,1.99,1.97,2.02,1.97,248644,49249190.0,2.42,-4.83,-0.1,5.51
2022-08-24,600242,1.95,1.91,1.99,1.9,193507,37650816.0,4.57,-3.05,-0.06,4.29
2022-08-25,600242,1.9,1.93,1.97,1.9,140602,27208555.0,3.66,1.05,0.02,3.12
2022-08-26,600242,1.91,1.88,1.92,1.86,114552,21629131.0,3.11,-2.59,-0.05,2.54
2022-08-29,600242,1.85,1.87,1.9,1.82,75653,14018072.0,4.26,-0.53,-0.01,1.68
2022-08-30,600242,1.86,1.89,1.93,1.86,82769,15670545.0,3.74,1.07,0.02,1.83
2022-08-31,600242,1.86,1.88,1.94,1.86,122354,23254019.0,4.23,-0.53,-0.01,2.71
2022-09-01,600242,1.87,1.82,1.88,1.81,110421,20423681.0,3.72,-3.19,-0.06,2.45
2022-09-02,600242,1.84,1.85,1.86,1.82,87083,16001209.0,2.2,1.65,0.03,1.93
2022-09-05,600242,1.86,1.94,1.94,1.85,179383,34665236.0,4.86,4.86,0.09,3.97
2022-09-06,600242,1.96,1.97,2.02,1.94,159266,31309847.0,4.12,1.55,0.03,3.53
2022-09-07,600242,1.95,2.07,2.07,1.93,112564,22726006.0,7.11,5.08,0.1,2.49
2022-09-08,600242,2.08,2.0,2.14,1.97,198687,40644305.0,8.21,-3.38,-0.07,4.4
2022-09-09,600242,2.02,2.04,2.06,1.93,131361,26380123.0,6.5,2.0,0.04,2.91
2022-09-13,600242,2.03,1.99,2.04,1.96,148927,29528840.0,3.92,-2.45,-0.05,3.3
2022-09-14,600242,1.96,1.98,2.0,1.93,117024,22998299.0,3.52,-0.5,-0.01,2.59
2022-09-15,600242,1.98,2.08,2.08,1.97,282153,58276122.0,5.56,5.05,0.1,6.25
2022-09-16,600242,2.05,1.98,2.06,1.98,219048,43831754.0,3.85,-4.81,-0.1,4.85
2022-09-19,600242,1.93,1.88,1.94,1.88,108072,20422103.0,3.03,-5.05,-0.1,2.39
2022-09-20,600242,1.87,1.87,1.89,1.82,121199,22423082.0,3.72,-0.53,-0.01,2.69
2022-09-21,600242,1.86,1.85,1.86,1.78,126770,23057391.0,4.28,-1.07,-0.02,2.81
2022-09-22,600242,1.83,1.8,1.89,1.8,105022,19291858.0,4.86,-2.7,-0.05,2.33
2022-09-23,600242,1.81,1.71,1.81,1.71,180173,31243009.0,5.56,-5.0,-0.09,3.99
2022-09-26,600242,1.67,1.66,1.72,1.64,111742,18673929.0,4.68,-2.92,-0.05,2.48
2022-09-27,600242,1.66,1.7,1.71,1.65,92811,15619439.0,3.61,2.41,0.04,2.06
2022-09-28,600242,1.69,1.65,1.71,1.63,74702,12503156.0,4.71,-2.94,-0.05,1.66
2022-09-29,600242,1.66,1.59,1.68,1.57,84623,13705573.0,6.67,-3.64,-0.06,1.88
2022-09-30,600242,1.58,1.62,1.67,1.57,88871,14433508.0,6.29,1.89,0.03,1.97
2022-10-10,600242,1.68,1.7,1.7,1.67,60355,10237209.0,1.85,4.94,0.08,1.34
2022-10-11,600242,1.75,1.68,1.75,1.63,98751,16690512.0,7.06,-1.18,-0.02,2.19
2022-10-12,600242,1.65,1.73,1.74,1.64,81278,13663376.0,5.95,2.98,0.05,1.8
2022-10-13,600242,1.71,1.73,1.77,1.68,72894,12548752.0,5.2,0.0,0.0,1.62
2022-10-14,600242,1.72,1.75,1.76,1.72,53951,9399215.0,2.31,1.16,0.02,1.2
2022-10-17,600242,1.73,1.78,1.8,1.73,66740,11770344.0,4.0,1.71,0.03,1.48
2022-10-18,600242,1.79,1.75,1.81,1.74,74329,13087407.0,3.93,-1.69,-0.03,1.65
2022-10-19,600242,1.74,1.72,1.75,1.71,47585,8220937.0,2.29,-1.71,-0.03,1.05
2022-10-20,600242,1.72,1.7,1.73,1.69,30518,5218951.0,2.33,-1.16,-0.02,0.68
2022-10-21,600242,1.71,1.7,1.73,1.68,40885,6934761.0,2.94,0.0,0.0,0.91
2022-10-24,600242,1.71,1.63,1.72,1.63,61262,10246499.0,5.29,-4.12,-0.07,1.36
2022-10-25,600242,1.65,1.61,1.65,1.57,49579,7978007.0,4.91,-1.23,-0.02,1.1
2022-10-26,600242,1.64,1.65,1.67,1.64,42752,7065711.0,1.86,2.48,0.04,0.95
2022-10-27,600242,1.64,1.63,1.65,1.62,39712,6495560.0,1.82,-1.21,-0.02,0.88
2022-10-28,600242,1.64,1.55,1.64,1.55,74296,11631517.0,5.52,-4.91,-0.08,1.65
2022-10-31,600242,1.47,1.5,1.53,1.47,67515,10132330.0,3.87,-3.23,-0.05,1.5
2022-11-01,600242,1.5,1.53,1.54,1.49,55518,8450074.0,3.33,2.0,0.03,1.23
2022-11-02,600242,1.53,1.55,1.56,1.53,58979,9127309.0,1.96,1.31,0.02,1.31
2022-11-03,600242,1.55,1.55,1.57,1.53,46966,7257245.0,2.58,0.0,0.0,1.04
2022-11-04,600242,1.57,1.59,1.63,1.57,65781,10474341.0,3.87,2.58,0.04,1.46
2022-11-07,600242,1.57,1.61,1.62,1.56,76047,12118894.0,3.77,1.26,0.02,1.69
2022-11-08,600242,1.6,1.63,1.64,1.58,72818,11754434.0,3.73,1.24,0.02,1.61
2022-11-09,600242,1.62,1.67,1.69,1.62,84422,13989064.0,4.29,2.45,0.04,1.87
2022-11-10,600242,1.65,1.66,1.69,1.62,71605,11831484.0,4.19,-0.6,-0.01,1.59
2022-11-11,600242,1.68,1.64,1.69,1.63,80225,13259668.0,3.61,-1.2,-0.02,1.78
2022-11-14,600242,1.63,1.63,1.64,1.61,62226,10089028.0,1.83,-0.61,-0.01,1.38
2022-11-15,600242,1.62,1.66,1.66,1.61,74280,12198732.0,3.07,1.84,0.03,1.65
2022-11-16,600242,1.65,1.66,1.66,1.63,74232,12226390.0,1.81,0.0,0.0,1.64
2022-11-17,600242,1.66,1.71,1.73,1.65,100012,16951248.0,4.82,3.01,0.05,2.22
2022-11-18,600242,1.7,1.65,1.71,1.63,100735,16781463.0,4.68,-3.51,-0.06,2.23
2022-11-21,600242,1.64,1.62,1.65,1.59,47487,7703718.0,3.64,-1.82,-0.03,1.05
2022-11-22,600242,1.64,1.6,1.64,1.6,74198,11995777.0,2.47,-1.23,-0.02,1.64
2022-11-23,600242,1.6,1.53,1.6,1.52,114445,17527269.0,5.0,-4.38,-0.07,2.54
2022-11-24,600242,1.53,1.54,1.55,1.51,56320,8644743.0,2.61,0.65,0.01,1.25
2022-11-25,600242,1.54,1.54,1.56,1.53,47743,7388024.0,1.95,0.0,0.0,1.06
2022-11-28,600242,1.54,1.62,1.62,1.51,129346,20490421.0,7.14,5.19,0.08,2.87
2022-11-29,600242,1.6,1.62,1.64,1.57,116278,18713711.0,4.32,0.0,0.0,2.58
2022-11-30,600242,1.62,1.67,1.68,1.61,129401,21383089.0,4.32,3.09,0.05,2.87
2022-12-01,600242,1.67,1.64,1.7,1.63,95608,15851461.0,4.19,-1.8,-0.03,2.12
2022-12-02,600242,1.63,1.66,1.67,1.62,86071,14122557.0,3.05,1.22,0.02,1.91
2022-12-05,600242,1.65,1.65,1.67,1.63,77135,12738548.0,2.41,-0.6,-0.01,1.71
2022-12-06,600242,1.64,1.63,1.66,1.62,61584,10094147.0,2.42,-1.21,-0.02,1.36
2022-12-07,600242,1.62,1.71,1.71,1.61,140521,23502423.0,6.13,4.91,0.08,3.11
2022-12-08,600242,1.71,1.67,1.74,1.64,170667,28866447.0,5.85,-2.34,-0.04,3.78
2022-12-09,600242,1.66,1.75,1.75,1.65,192251,33344348.0,5.99,4.79,0.08,4.26
2022-12-12,600242,1.76,1.69,1.76,1.66,183089,30904176.0,5.71,-3.43,-0.06,4.06
2022-12-13,600242,1.67,1.65,1.7,1.65,82991,13872962.0,2.96,-2.37,-0.04,1.84
2022-12-14,600242,1.64,1.66,1.67,1.64,82798,13722284.0,1.82,0.61,0.01,1.83
2022-12-15,600242,1.66,1.68,1.7,1.63,83432,13928136.0,4.22,1.2,0.02,1.85
2022-12-16,600242,1.67,1.6,1.67,1.6,104758,17018895.0,4.17,-4.76,-0.08,2.32
2022-12-19,600242,1.53,1.52,1.56,1.52,142162,21664795.0,2.5,-5.0,-0.08,3.15
2022-12-20,600242,1.54,1.46,1.54,1.46,134780,20101413.0,5.26,-3.95,-0.06,2.99
2022-12-21,600242,1.45,1.39,1.46,1.39,118034,16563038.0,4.79,-4.79,-0.07,2.62
2022-12-22,600242,1.34,1.33,1.39,1.32,213228,28389271.0,5.04,-4.32,-0.06,4.72
2022-12-23,600242,1.31,1.35,1.4,1.3,177078,24084040.0,7.52,1.5,0.02,3.92
2022-12-26,600242,1.34,1.28,1.34,1.28,78114,10078204.0,4.44,-5.19,-0.07,1.73
2022-12-27,600242,1.22,1.34,1.34,1.22,202980,26066354.0,9.38,4.69,0.06,4.5
2022-12-28,600242,1.28,1.27,1.3,1.27,185248,23649637.0,2.24,-5.22,-0.07,4.1
2022-12-29,600242,1.23,1.21,1.25,1.21,147366,17911519.0,3.15,-4.72,-0.06,3.27
2022-12-30,600242,1.15,1.15,1.2,1.15,306343,35311367.0,4.13,-4.96,-0.06,6.79
2023-01-03,600242,1.21,1.21,1.21,1.21,21349,2583229.0,0.0,5.22,0.06,0.47
2023-01-04,600242,1.27,1.27,1.27,1.27,28915,3672205.0,0.0,4.96,0.06,0.64
2023-01-05,600242,1.33,1.33,1.33,1.33,52584,6993672.0,0.0,4.72,0.06,1.17
2023-01-06,600242,1.36,1.4,1.4,1.33,608224,84146984.0,5.26,5.26,0.07,13.48
2023-01-09,600242,1.37,1.47,1.47,1.33,527760,73123546.0,10.0,5.0,0.07,11.69
2023-01-10,600242,1.44,1.41,1.54,1.4,456435,67598736.0,9.52,-4.08,-0.06,10.11
2023-01-11,600242,1.39,1.44,1.44,1.35,283497,39367798.0,6.38,2.13,0.03,6.28
2023-01-12,600242,1.41,1.39,1.46,1.38,263030,37310423.0,5.56,-3.47,-0.05,5.83
2023-01-13,600242,1.34,1.4,1.42,1.34,211590,29131650.0,5.76,0.72,0.01,4.69
2023-01-16,600242,1.45,1.47,1.47,1.41,124837,18188772.0,4.29,5.0,0.07,2.77
2023-01-17,600242,1.5,1.45,1.52,1.4,260471,38106944.0,8.16,-1.36,-0.02,5.77
2023-01-18,600242,1.41,1.38,1.44,1.38,199231,27953569.0,4.14,-4.83,-0.07,4.41
2023-01-19,600242,1.38,1.45,1.45,1.36,185642,26477424.0,6.52,5.07,0.07,4.11
2023-01-20,600242,1.42,1.43,1.49,1.39,236428,34056123.0,6.9,-1.38,-0.02,5.24
2023-01-30,600242,1.45,1.43,1.45,1.39,160039,22736652.0,4.2,0.0,0.0,3.55
2023-01-31,600242,1.41,1.4,1.42,1.39,125239,17586214.0,2.1,-2.1,-0.03,2.78
2023-02-01,600242,1.39,1.43,1.46,1.38,163051,23254362.0,5.71,2.14,0.03,3.61
2023-02-02,600242,1.38,1.41,1.42,1.38,170659,23881982.0,2.8,-1.4,-0.02,3.78
2023-02-03,600242,1.4,1.35,1.4,1.34,252490,34106485.0,4.26,-4.26,-0.06,5.59
2023-02-06,600242,1.33,1.28,1.34,1.28,199223,25772684.0,4.44,-5.19,-0.07,4.41
2023-02-07,600242,1.26,1.33,1.34,1.26,155508,20482237.0,6.25,3.91,0.05,3.45
2023-02-08,600242,1.33,1.31,1.35,1.29,94561,12453229.0,4.51,-1.5,-0.02,2.1
2023-02-09,600242,1.31,1.27,1.35,1.26,198647,25763119.0,6.87,-3.05,-0.04,4.4
2023-02-10,600242,1.23,1.28,1.28,1.23,170511,21277119.0,3.94,0.79,0.01,3.78
2023-02-13,600242,1.27,1.31,1.32,1.25,143105,18478684.0,5.47,2.34,0.03,3.17
2023-02-14,600242,1.31,1.38,1.38,1.31,193496,26221998.0,5.34,5.34,0.07,4.29
2023-02-15,600242,1.38,1.4,1.41,1.36,183889,25395537.0,3.62,1.45,0.02,4.07
2023-02-16,600242,1.4,1.38,1.45,1.36,182549,25834729.0,6.43,-1.43,-0.02,4.05
2023-02-17,600242,1.45,1.45,1.45,1.43,166056,24060473.0,1.45,5.07,0.07,3.68
2023-02-20,600242,1.48,1.52,1.52,1.46,69178,10408670.0,4.14,4.83,0.07,1.53
2023-02-21,600242,1.6,1.5,1.6,1.45,380244,58440938.0,9.87,-1.32,-0.02,8.43
2023-02-22,600242,1.48,1.45,1.49,1.43,188928,27307850.0,4.0,-3.33,-0.05,4.19
2023-02-23,600242,1.44,1.43,1.48,1.42,130100,18829572.0,4.14,-1.38,-0.02,2.88
2023-02-24,600242,1.37,1.41,1.41,1.36,157080,21721938.0,3.5,-1.4,-0.02,3.48
2023-02-27,600242,1.38,1.35,1.41,1.35,138867,19101519.0,4.26,-4.26,-0.06,3.08
2023-02-28,600242,1.36,1.42,1.42,1.36,148129,20957645.0,4.44,5.19,0.07,3.28
2023-03-01,600242,1.42,1.49,1.49,1.41,226787,33042918.0,5.63,4.93,0.07,5.03
2023-03-02,600242,1.47,1.48,1.55,1.46,230182,34490927.0,6.04,-0.67,-0.01,5.1
2023-03-03,600242,1.45,1.52,1.55,1.45,215073,32187447.0,6.76,2.7,0.04,4.77
2023-03-06,600242,1.5,1.5,1.53,1.49,124121,18698449.0,2.63,-1.32,-0.02,2.75
2023-03-07,600242,1.5,1.5,1.55,1.49,120606,18380533.0,4.0,0.0,0.0,2.67
2023-03-08,600242,1.55,1.58,1.58,1.55,103178,16257194.0,2.0,5.33,0.08,2.29
2023-03-09,600242,1.64,1.5,1.66,1.5,501348,79563360.0,10.13,-5.06,-0.08,11.11
2023-03-10,600242,1.46,1.44,1.48,1.43,334841,48185969.0,3.33,-4.0,-0.06,7.42
2023-03-13,600242,1.42,1.43,1.44,1.38,142963,20099387.0,4.17,-0.69,-0.01,3.17
2023-03-14,600242,1.44,1.5,1.5,1.42,227932,33756378.0,5.59,4.9,0.07,5.05
2023-03-15,600242,1.48,1.44,1.49,1.43,211540,30727188.0,4.0,-4.0,-0.06,4.69
2023-03-16,600242,1.43,1.38,1.48,1.37,337413,47075210.0,7.64,-4.17,-0.06,7.48
2023-03-17,600242,1.37,1.32,1.38,1.31,353185,46537824.0,5.07,-4.35,-0.06,7.83
2023-03-20,600242,1.25,1.25,1.31,1.25,257826,32487337.0,4.55,-5.3,-0.07,5.71
2023-03-21,600242,1.19,1.19,1.2,1.19,121840,14503044.0,0.8,-4.8,-0.06,2.7
2023-03-22,600242,1.13,1.17,1.25,1.13,438559,51188787.0,10.08,-1.68,-0.02,9.72
2023-03-23,600242,1.13,1.16,1.18,1.12,293142,33861939.0,5.13,-0.85,-0.01,6.5
2023-03-24,600242,1.16,1.22,1.22,1.16,139844,16860321.0,5.17,5.17,0.06,3.1
2023-03-27,600242,1.28,1.22,1.28,1.21,444531,55713357.0,5.74,0.0,0.0,9.85
2023-03-28,600242,1.19,1.16,1.21,1.16,229508,27035328.0,4.1,-4.92,-0.06,5.09
2023-03-29,600242,1.15,1.22,1.22,1.15,296004,35843012.0,6.03,5.17,0.06,6.56
2023-03-30,600242,1.19,1.17,1.2,1.16,318621,37279985.0,3.28,-4.1,-0.05,7.06
2023-03-31,600242,1.16,1.17,1.18,1.13,165942,19197853.0,4.27,0.0,0.0,3.68
2023-04-03,600242,1.16,1.12,1.17,1.11,337401,37703495.0,5.13,-4.27,-0.05,7.48
2023-04-04,600242,1.1,1.06,1.11,1.06,209270,22295646.0,4.46,-5.36,-0.06,4.64
2023-04-06,600242,1.01,1.01,1.01,1.01,15724,1588124.0,0.0,-4.72,-0.05,0.35
2023-04-07,600242,0.96,0.96,0.96,0.96,10610,1018560.0,0.0,-4.95,-0.05,0.24
2023-04-10,600242,0.91,0.91,0.91,0.91,7822,711802.0,0.0,-5.21,-0.05,0.17
2023-04-11,600242,0.86,0.86,0.86,0.86,9415,809690.0,0.0,-5.49,-0.05,0.21
2023-04-12,600242,0.82,0.82,0.82,0.82,10796,885272.0,0.0,-4.65,-0.04,0.24
2023-04-13,600242,0.78,0.78,0.78,0.78,19534,1523652.0,0.0,-4.88,-0.04,0.43
2023-04-14,600242,0.74,0.74,0.81,0.74,1350486,100502763.0,8.97,-5.13,-0.04,29.92
2023-04-17,600242,0.71,0.7,0.72,0.7,484201,34006504.0,2.7,-5.41,-0.04,10.73
2023-04-18,600242,0.67,0.67,0.68,0.67,167992,11256658.0,1.43,-4.29,-0.03,3.72
2023-04-19,600242,0.64,0.64,0.64,0.64,29935,1915840.0,0.0,-4.48,-0.03,0.66
2023-04-20,600242,0.61,0.61,0.61,0.61,32531,1984391.0,0.0,-4.69,-0.03,0.72
2023-04-21,600242,0.58,0.58,0.58,0.58,29576,1715408.0,0.0,-4.92,-0.03,0.66
2023-04-24,600242,0.55,0.55,0.55,0.55,21603,1188165.0,0.0,-5.17,-0.03,0.48
2023-04-25,600242,0.52,0.52,0.52,0.52,13879,721708.0,0.0,-5.45,-0.03,0.31
2023-04-26,600242,0.49,0.49,0.49,0.49,21464,1051736.0,0.0,-5.77,-0.03,0.48
2023-04-27,600242,0.47,0.47,0.47,0.47,28609,1344623.0,0.0,-4.08,-0.02,0.63
2023-04-28,600242,0.45,0.45,0.45,0.45,156190,7028550.0,0.0,-4.26,-0.02,3.46
2023-05-31,600242,0.3,0.28,0.32,0.27,749535,21600627.0,11.11,-37.78,-0.17,16.61
2023-06-01,600242,0.28,0.3,0.31,0.28,367290,10802265.0,10.71,7.14,0.02,8.14
2023-06-02,600242,0.29,0.28,0.29,0.28,268214,7560425.0,3.33,-6.67,-0.02,5.94
2023-06-05,600242,0.28,0.29,0.29,0.27,175963,4919617.0,7.14,3.57,0.01,3.9
2023-06-06,600242,0.28,0.27,0.29,0.27,161780,4424784.0,6.9,-6.9,-0.02,3.58
2023-06-07,600242,0.27,0.27,0.28,0.26,99659,2625248.0,7.41,0.0,0.0,2.21
2023-06-08,600242,0.26,0.26,0.27,0.25,95514,2450699.0,7.41,-3.7,-0.01,2.12
2023-06-09,600242,0.26,0.25,0.26,0.24,120746,3026226.0,7.69,-3.85,-0.01,2.68
2023-06-12,600242,0.24,0.23,0.25,0.23,217038,5081604.0,8.0,-8.0,-0.02,4.81
2023-06-13,600242,0.23,0.24,0.25,0.22,268234,6346841.0,13.04,4.35,0.01,5.94
2023-06-14,600242,0.24,0.23,0.24,0.23,63917,1511249.0,4.17,-4.17,-0.01,1.42
2023-06-15,600242,0.23,0.23,0.24,0.21,238515,5394663.0,13.04,0.0,0.0,5.29
2023-06-16,600242,0.23,0.24,0.25,0.22,245066,5833820.0,13.04,4.35,0.01,5.43
2023-06-19,600242,0.24,0.24,0.25,0.23,169907,4093750.0,8.33,0.0,0.0,3.76
2023-06-20,600242,0.24,0.25,0.25,0.23,187473,4520527.0,8.33,4.17,0.01,4.15
