code,name,latest_date,days_behind
600680,*ST上普,2018-04-27,2839
600806,退市昆机,2018-07-11,2764
600432,退市吉恩,2018-07-11,2764
600270,外运发展,2018-12-12,2610
600401,退市海润,2019-07-08,2402
600747,退市大控,2019-12-06,2251
600240,退市华业,2020-01-23,2203
600485,*ST信威,2020-04-20,2115
600677,*ST航通,2020-04-29,2106
600074,退市保千,2020-05-26,2079
601558,退市锐电,2020-06-23,2051
600175,退市美都,2020-08-07,2006
600069,退市银鸽,2020-08-20,1993
600317,营口港,2021-01-14,1846
600978,*ST宜生,2021-02-22,1807
600687,退市刚泰,2021-02-24,1805
600247,*ST成城,2021-02-24,1805
600086,退市金钰,2021-03-10,1791
600701,退市工新,2021-04-26,1744
600891,退市秋林,2021-04-30,1740
600634,退市富控,2021-07-14,1665
600614,退市鹏起,2021-07-14,1665
600068,葛洲坝,2021-09-01,1616
600723,首商股份,2021-09-15,1602
832317,观典防务,2021-10-20,1567
833994,翰博高新,2021-11-03,1553
833874,泰祥股份,2021-11-05,1551
600145,退市新亿,2022-04-21,1384
603996,退市中新,2022-05-17,1358
603157,退市拉夏,2022-05-17,1358
600695,退市绿庭,2022-06-07,1337
600291,退市西水,2022-06-07,1337
600890,退市中房,2022-06-15,1329
600856,退市中天,2022-06-15,1329
600652,退市游久,2022-06-15,1329
600275,退市昌鱼,2022-06-15,1329
600209,退市罗顿,2022-06-15,1329
600091,退市明科,2022-06-15,1329
600093,退市易见,2022-06-16,1328
600870,退市厦华,2022-06-23,1321
600146,退市环球,2022-06-23,1321
600385,退市金泰,2022-06-30,1314
600090,退市济堂,2022-06-30,1314
600555,退市海创,2022-07-06,1308
600896,退市海医,2022-07-18,1296
600260,*ST凯乐,2023-02-02,1097
600139,*ST西源,2023-02-27,1072
600311,*ST荣华,2023-03-02,1069
600466,*ST蓝光,2023-05-09,1001
601258,*ST庞大,2023-05-24,986
600122,*ST宏图,2023-05-26,984
600393,ST粤泰,2023-06-08,971
600077,*ST宋都,2023-06-13,966
600781,退市辅仁,2023-06-19,960
600532,退市未来,2023-06-19,960
600767,退市运盛,2023-06-20,959
600242,退市中昌,2023-06-20,959
688555,退市泽达,2023-06-30,949
688086,退市紫晶,2023-06-30,949
600290,*ST华仪,2023-12-25,771
603555,ST贵人,2024-03-07,698
603603,退市博天,2024-04-18,656
600823,*ST世茂,2024-05-15,629
600321,正源股份,2024-05-30,614
600220,ST阳光,2024-06-13,600
600836,*ST易连,2024-06-17,596
600306,退市商城,2024-06-19,594
600565,ST迪马,2024-06-21,592
600277,ST亿利,2024-06-21,592
603133,退市碳元,2024-06-26,587
600766,退市园城,2024-06-26,587
600647,退市同达,2024-06-26,587
600297,广汇汽车,2024-07-17,566
600112,*ST天成,2024-07-19,564
600213,*ST亚星,2024-08-15,537
600898,*ST美讯,2025-01-10,389
600083,*ST博信,2025-01-16,383
600837,海通证券,2025-02-05,363
603963,*ST大药,2025-02-07,361
600225,退市卓朗,2025-02-27,341
601028,玉龙股份,2025-03-26,314
600705,中航产融,2025-04-02,307
600070,*ST富润,2025-04-10,299
600811,*ST东方,2025-04-14,295
603003,退市龙宇,2025-06-30,218
600804,退市鹏博,2025-06-30,218
600387,退市海越,2025-07-04,214
600462,退市九有,2025-07-14,204
600190,退市锦港,2025-07-18,200
601989,中国重工,2025-08-12,175
603388,*ST元成,2025-11-10,85
600200,退市苏吴,2025-12-29,36
920680,广道退,2025-12-31,34
600499,科达制造,2026-01-14,20
600938,中国海油,2026-01-20,14
600868,梅雁吉祥,2026-01-20,14
601899,紫金矿业,2026-01-20,14
600547,山东黄金,2026-01-20,14
600988,赤峰黄金,2026-01-20,14
605117,德业股份,2026-01-20,14
603878,武进不锈,2026-01-20,14
600490,鹏欣资源,2026-01-20,14
603683,晶华新材,2026-01-20,14
688469,芯联集成-U,2026-01-20,14
601808,中海油服,2026-01-20,14
600537,亿晶光电,2026-01-20,14
600362,江西铜业,2026-01-20,14
600259,中稀有色,2026-01-20,14
601020,华钰矿业,2026-01-20,14
688287,*ST观典,2026-01-20,14
605086,龙高股份,2026-01-20,14
688172,燕东微,2026-01-20,14
600256,广汇能源,2026-01-20,14
603718,海利生物,2026-01-20,14
603336,宏辉果蔬,2026-01-20,14
688399,硕世生物,2026-01-20,14
603578,三星新材,2026-01-20,14
601857,中国石油,2026-01-20,14
600522,中天科技,2026-01-20,14
688289,圣湘生物,2026-01-20,14
600026,中远海能,2026-01-20,14
605287,德才股份,2026-01-20,14
601678,滨化股份,2026-01-20,14
601872,招商轮船,2026-01-20,14
688316,青云科技-U,2026-01-20,14
600986,浙文互联,2026-01-20,14
600497,驰宏锌锗,2026-01-20,14
688757,胜科纳米,2026-01-20,14
688726,拉普拉斯,2026-01-20,14
600230,沧州大化,2026-01-20,14
688701,卓锦股份,2026-01-20,14
601108,财通证券,2026-01-20,14
603256,宏和科技,2026-01-20,14
600028,中国石化,2026-01-20,14
605081,*ST太和,2026-01-20,14
603656,泰禾智能,2026-01-20,14
601005,重庆钢铁,2026-01-20,14
603139,康惠股份,2026-01-20,14
601336,新华保险,2026-01-20,14
605118,力鼎光电,2026-01-20,14
603398,*ST沐邦,2026-01-20,14
600735,ST新华锦,2026-01-20,14
601369,陕鼓动力,2026-01-20,14
601179,中国西电,2026-01-20,14
603811,诚意药业,2026-01-20,14
603165,荣晟环保,2026-01-20,14
688257,新锐股份,2026-01-20,14
605056,咸亨国际,2026-01-20,14
600195,中牧股份,2026-01-20,14
600985,淮北矿业,2026-01-20,14
601377,兴业证券,2026-01-20,14
688097,博众精工,2026-01-20,14
603396,金辰股份,2026-01-20,14
688526,科前生物,2026-01-20,14
601677,明泰铝业,2026-01-20,14
600459,贵研铂业,2026-01-20,14
688196,卓越新能,2026-01-20,14
603315,福鞍股份,2026-01-20,14
603356,华菱精工,2026-01-20,14
600353,旭光电子,2026-01-20,14
601601,中国太保,2026-01-20,14
600222,太龙药业,2026-01-20,14
603806,福斯特,2026-01-20,14
688368,晶丰明源,2026-01-20,14
600452,涪陵电力,2026-01-20,14
688137,近岸蛋白,2026-01-20,14
600227,赤天化,2026-01-20,14
600481,双良节能,2026-01-20,14
603075,热威股份,2026-01-20,14
600871,石化油服,2026-01-20,14
600173,卧龙新能,2026-01-20,14
601390,中国中铁,2026-01-20,14
600618,氯碱化工,2026-01-20,14
688396,华润微,2026-01-20,14
603861,白云电器,2026-01-20,14
600313,农发种业,2026-01-20,14
600722,金牛化工,2026-01-20,14
603790,雅运股份,2026-01-20,14
601628,中国人寿,2026-01-20,14
600821,金开新能,2026-01-20,14
603713,密尔克卫,2026-01-20,14
600348,华阳股份,2026-01-20,14
600397,江钨装备,2026-01-20,14
603900,莱绅通灵,2026-01-20,14
605376,博迁新材,2026-01-20,14
688063,派能科技,2026-01-20,14
600367,红星发展,2026-01-20,14
600188,兖矿能源,2026-01-20,14
601088,中国神华,2026-01-20,14
600750,江中药业,2026-01-20,14
600201,生物股份,2026-01-20,14
603881,数据港,2026-01-20,14
601777,千里科技,2026-01-20,14
605599,菜百股份,2026-01-20,14
603626,科森科技,2026-01-20,14
603988,中电电机,2026-01-20,14
600863,内蒙华电,2026-01-20,14
601600,中国铝业,2026-01-20,14
603838,*ST四通,2026-01-20,14
688765,禾元生物-U,2026-01-20,14
600089,特变电工,2026-01-20,14
600987,航民股份,2026-01-20,14
600610,中毅达,2026-01-20,14
601898,中煤能源,2026-01-20,14
600021,上海电力,2026-01-20,14
600552,凯盛科技,2026-01-20,14
601001,晋控煤业,2026-01-20,14
603828,ST柯利达,2026-01-20,14
688008,澜起科技,2026-01-20,14
600711,盛屯矿业,2026-01-20,14
600059,古越龙山,2026-01-20,14
603103,横店影视,2026-01-20,14
605089,味知香,2026-01-20,14
600262,北方股份,2026-01-20,14
600838,上海九百,2026-01-20,14
603391,力聚热能,2026-01-20,14
601618,中国中冶,2026-01-20,14
688338,赛科希德,2026-01-20,14
603505,金石资源,2026-01-20,14
600340,华夏幸福,2026-01-20,14
688075,安旭生物,2026-01-20,14
603257,中国瑞林,2026-01-20,14
601002,晋亿实业,2026-01-20,14
601121,宝地矿业,2026-01-20,14
601512,中新集团,2026-01-20,14
601018,宁波港,2026-01-20,14
600877,电科芯片,2026-01-20,14
600598,北大荒,2026-01-20,14
688312,燕麦科技,2026-01-20,14
688627,精智达,2026-01-20,14
601339,百隆东方,2026-01-20,14
688276,百克生物,2026-01-20,14
605111,新洁能,2026-01-20,14
601609,金田股份,2026-01-20,14
603030,全筑股份,2026-01-20,14
688653,康希通信,2026-01-20,14
600612,老凤祥,2026-01-20,14
600096,云天化,2026-01-20,14
600546,山煤国际,2026-01-20,14
600673,东阳光,2026-01-20,14
601388,怡球资源,2026-01-20,14
601319,中国人保,2026-01-20,14
603393,新天然气,2026-01-20,14
603176,汇通集团,2026-01-20,14
600339,中油工程,2026-01-20,14
605178,时空科技,2026-01-20,14
688187,时代电气,2026-01-20,14
601688,华泰证券,2026-01-20,14
600731,湖南海利,2026-01-20,14
601231,环旭电子,2026-01-20,14
600966,博汇纸业,2026-01-20,14
603727,博迈科,2026-01-20,14
600428,中远海特,2026-01-20,14
600496,精工钢构,2026-01-20,14
605198,安德利,2026-01-20,14
600388,龙净环保,2026-01-20,14
600346,恒力石化,2026-01-20,14
603387,基蛋生物,2026-01-20,14
605507,国邦医药,2026-01-20,14
603268,*ST松发,2026-01-20,14
688516,奥特维,2026-01-20,14
603898,好莱客,2026-01-20,14
600355,*ST精伦,2026-01-20,14
688035,德邦科技,2026-01-20,14
688655,迅捷兴,2026-01-20,14
688758,赛分科技,2026-01-20,14
688380,中微半导,2026-01-20,14
600984,建设机械,2026-01-20,14
603392,万泰生物,2026-01-20,14
603887,城地香江,2026-01-20,14
600955,维远股份,2026-01-20,14
601975,招商南油,2026-01-20,14
600406,国电南瑞,2026-01-20,14
600550,保变电气,2026-01-20,14
600926,杭州银行,2026-01-20,14
688498,源杰科技,2026-01-20,14
600152,维科技术,2026-01-20,14
688750,金天钛业,2026-01-20,14
600995,南网储能,2026-01-20,14
600980,北矿科技,2026-01-20,14
601918,新集能源,2026-01-20,14
688119,中钢洛耐,2026-01-20,14
600236,桂冠电力,2026-01-20,14
688661,和林微纳,2026-01-20,14
600780,通宝能源,2026-01-20,14
601288,农业银行,2026-01-20,14
688347,华虹公司,2026-01-20,14
688345,博力威,2026-01-20,14
603016,新宏泰,2026-01-20,14
688191,智洋创新,2026-01-20,14
600909,华安证券,2026-01-20,14
603538,美诺华,2026-01-20,14
600968,海油发展,2026-01-20,14
600056,中国医药,2026-01-20,14
603920,世运电路,2026-01-20,14
688015,交控科技,2026-01-20,14
601318,中国平安,2026-01-20,14
600624,ST复华,2026-01-20,14
600309,万华化学,2026-01-20,14
601666,平煤股份,2026-01-20,14
603566,普莱柯,2026-01-20,14
601555,东吴证券,2026-01-20,14
600267,海正药业,2026-01-20,14
688105,诺唯赞,2026-01-20,14
603306,华懋科技,2026-01-20,14
600392,盛和资源,2026-01-20,14
605196,华通线缆,2026-01-20,14
600161,天坛生物,2026-01-20,14
600999,招商证券,2026-01-20,14
605366,宏柏新材,2026-01-20,14
603002,宏昌电子,2026-01-20,14
603318,水发燃气,2026-01-20,14
600583,海油工程,2026-01-20,14
600540,新赛股份,2026-01-20,14
605066,天正电气,2026-01-20,14
600030,中信证券,2026-01-20,14
600785,新华百货,2026-01-20,14
688326,经纬恒润-W,2026-01-20,14
600888,新疆众和,2026-01-20,14
601068,中铝国际,2026-01-20,14
600716,凤凰股份,2026-01-20,14
603439,三力制药,2026-01-20,14
600688,上海石化,2026-01-20,14
603681,永冠新材,2026-01-20,14
600360,*ST华微,2026-01-20,14
600023,浙能电力,2026-01-20,14
601118,海南橡胶,2026-01-20,14
688433,华曙高科,2026-01-20,14
601969,海南矿业,2026-01-20,14
600798,宁波海运,2026-01-20,14
688606,奥泰生物,2026-01-20,14
603281,江瀚新材,2026-01-20,14
601096,宏盛华源,2026-01-20,14
600285,羚锐制药,2026-01-20,14
601988,中国银行,2026-01-20,14
605598,上海港湾,2026-01-20,14
688171,纬德信息,2026-01-20,14
601225,陕西煤业,2026-01-20,14
601163,三角轮胎,2026-01-20,14
605007,五洲特纸,2026-01-20,14
600036,招商银行,2026-01-20,14
600255,鑫科材料,2026-01-20,14
603979,金诚信,2026-01-20,14
688509,正元地信,2026-01-20,14
603262,技源集团,2026-01-20,14
600185,珠免集团,2026-01-20,14
601126,四方股份,2026-01-20,14
600613,神奇制药,2026-01-20,14
601330,绿色动力,2026-01-20,14
603282,亚光股份,2026-01-20,14
601022,宁波远洋,2026-01-20,14
601599,浙文影业,2026-01-20,14
600308,华泰股份,2026-01-20,14
603517,ST绝味,2026-01-20,14
688455,科捷智能,2026-01-20,14
600022,山东钢铁,2026-01-20,14
600361,创新新材,2026-01-20,14
603799,华友钴业,2026-01-20,14
603739,蔚蓝生物,2026-01-20,14
603991,至正股份,2026-01-20,14
600061,国投资本,2026-01-20,14
600488,津药药业,2026-01-20,14
601952,苏垦农发,2026-01-20,14
600136,ST明诚,2026-01-20,14
600973,宝胜股份,2026-01-20,14
603296,华勤技术,2026-01-20,14
605218,伟时电子,2026-01-20,14
600768,宁波富邦,2026-01-20,14
600929,雪天盐业,2026-01-20,14
600517,国网英大,2026-01-20,14
600123,兰花科创,2026-01-20,14
600621,华鑫股份,2026-01-20,14
603311,金海高科,2026-01-20,14
603021,ST华鹏,2026-01-20,14
688550,瑞联新材,2026-01-20,14
603733,仙鹤股份,2026-01-20,14
600538,国发股份,2026-01-20,14
601038,一拖股份,2026-01-20,14
600860,京城股份,2026-01-20,14
600331,宏达股份,2026-01-20,14
600425,青松建化,2026-01-20,14
600108,亚盛集团,2026-01-20,14
600971,恒源煤电,2026-01-20,14
605138,盛泰集团,2026-01-20,14
603351,威尔药业,2026-01-20,14
688258,卓易信息,2026-01-20,14
600172,黄河旋风,2026-01-20,14
600316,洪都航空,2026-01-20,14
603519,立霸股份,2026-01-20,14
688319,欧林生物,2026-01-20,14
603976,正川股份,2026-01-20,14
600630,龙头股份,2026-01-20,14
603998,方盛制药,2026-01-20,14
600958,东方证券,2026-01-20,14
603018,华设集团,2026-01-20,14
600395,盘江股份,2026-01-20,14
600919,江苏银行,2026-01-20,14
600477,杭萧钢构,2026-01-20,14
688247,宣泰医药,2026-01-20,14
600518,康美药业,2026-01-20,14
603348,文灿股份,2026-01-20,14
600287,苏豪时尚,2026-01-20,14
688390,固德威,2026-01-20,14
688505,复旦张江,2026-01-20,14
600170,上海建工,2026-01-20,14
600557,康缘药业,2026-01-20,14
600977,中国电影,2026-01-20,14
600469,风神股份,2026-01-20,14
600358,ST联合,2026-01-20,14
600585,海螺水泥,2026-01-20,14
603612,索通发展,2026-01-20,14
600403,大有能源,2026-01-20,14
600017,日照港,2026-01-20,14
600844,金煤科技,2026-01-20,14
600015,华夏银行,2026-01-20,14
600962,国投中鲁,2026-01-20,14
601000,唐山港,2026-01-20,14
603049,中策橡胶,2026-01-20,14
603970,中农立华,2026-01-20,14
603163,圣晖集成,2026-01-20,14
600655,豫园股份,2026-01-20,14
600691,潞化科技,2026-01-20,14
601811,新华文轩,2026-01-20,14
600160,巨化股份,2026-01-20,14
600956,新天绿能,2026-01-20,14
600976,健民集团,2026-01-20,14
688419,耐科装备,2026-01-20,14
603789,*ST星农,2026-01-20,14
601838,成都银行,2026-01-20,14
603585,苏利股份,2026-01-20,14
603676,卫信康,2026-01-20,14
603949,雪龙集团,2026-01-20,14
603182,嘉华股份,2026-01-20,14
600975,新五丰,2026-01-20,14
603312,西典新能,2026-01-20,14
688566,吉贝尔,2026-01-20,14
600906,财达证券,2026-01-20,14
600098,广州发展,2026-01-20,14
688205,德科立,2026-01-20,14
688002,睿创微纳,2026-01-20,14
601326,秦港股份,2026-01-20,14
603839,安正时尚,2026-01-20,14
600062,华润双鹤,2026-01-20,14
600633,浙数文化,2026-01-20,14
605162,新中港,2026-01-20,14
600717,天津港,2026-01-20,14
688163,赛伦生物,2026-01-20,14
605001,威奥股份,2026-01-20,14
603527,众源新材,2026-01-20,14
603014,威高血净,2026-01-20,14
603255,鼎际得,2026-01-20,14
600930,华电新能,2026-01-20,14
600638,新黄浦,2026-01-20,14
600293,三峡新材,2026-01-20,14
603737,三棵树,2026-01-20,14
601800,中国交建,2026-01-20,14
600011,华能国际,2026-01-20,14
603689,皖天然气,2026-01-20,14
688503,聚和材料,2026-01-20,14
601788,光大证券,2026-01-20,14
688448,磁谷科技,2026-01-20,14
601816,京沪高铁,2026-01-20,14
601077,渝农商行,2026-01-20,14
601089,福元医药,2026-01-20,14
603083,剑桥科技,2026-01-20,14
600826,兰生股份,2026-01-20,14
600595,中孚实业,2026-01-20,14
601006,大秦铁路,2026-01-20,14
600845,宝信软件,2026-01-20,14
601668,中国建筑,2026-01-20,14
600126,杭钢股份,2026-01-20,14
688398,赛特新材,2026-01-20,14
600746,江苏索普,2026-01-20,14
601827,三峰环境,2026-01-20,14
603787,新日股份,2026-01-20,14
600328,中盐化工,2026-01-20,14
603968,醋化股份,2026-01-20,14
600420,国药现代,2026-01-20,14
601368,绿城水务,2026-01-20,14
601008,连云港,2026-01-20,14
603568,伟明环保,2026-01-20,14
601866,中远海发,2026-01-20,14
601136,首创证券,2026-01-20,14
605399,晨光新材,2026-01-20,14
688420,美腾科技,2026-01-20,14
600116,三峡水利,2026-01-20,14
601139,深圳燃气,2026-01-20,14
600740,山西焦化,2026-01-20,14
603856,东宏股份,2026-01-20,14
688665,四方光电,2026-01-20,14
688468,科美诊断,2026-01-20,14
600461,洪城环境,2026-01-20,14
601665,齐鲁银行,2026-01-20,14
601860,紫金银行,2026-01-20,14
688737,中自科技,2026-01-20,14
603276,恒兴新材,2026-01-20,14
600350,山东高速,2026-01-20,14
603308,应流股份,2026-01-20,14
600615,鑫源智造,2026-01-20,14
603098,森特股份,2026-01-20,14
603029,天鹅股份,2026-01-20,14
688767,博拓生物,2026-01-20,14
603867,新化股份,2026-01-20,14
601398,工商银行,2026-01-20,14
600196,复星医药,2026-01-20,14
601375,中原证券,2026-01-20,14
600066,宇通客车,2026-01-20,14
601186,中国铁建,2026-01-20,14
600159,大龙地产,2026-01-20,14
601117,中国化学,2026-01-20,14
603515,欧普照明,2026-01-20,14
600727,鲁北化工,2026-01-20,14
600359,新农开发,2026-01-20,14
688557,兰剑智能,2026-01-20,14
600008,首创环保,2026-01-20,14
688045,必易微,2026-01-20,14
600714,金瑞矿业,2026-01-20,14
601878,浙商证券,2026-01-20,14
601901,方正证券,2026-01-20,14
601886,江河集团,2026-01-20,14
603298,杭叉集团,2026-01-20,14
600989,宝丰能源,2026-01-20,14
600073,光明肉业,2026-01-20,14
601007,金陵饭店,2026-01-20,14
600352,浙江龙盛,2026-01-20,14
600458,时代新材,2026-01-20,14
600206,有研新材,2026-01-20,14
603367,辰欣药业,2026-01-20,14
603220,中贝通信,2026-01-20,14
600817,宇通重工,2026-01-20,14
601198,东兴证券,2026-01-20,14
688121,卓然股份,2026-01-20,14
601169,北京银行,2026-01-20,14
600689,上海三毛,2026-01-20,14
600479,千金药业,2026-01-20,14
603385,惠达卫浴,2026-01-20,14
605289,罗曼股份,2026-01-20,14
600854,春兰股份,2026-01-20,14
600251,冠农股份,2026-01-20,14
600149,廊坊发展,2026-01-20,14
600371,万向德农,2026-01-20,14
600881,亚泰集团,2026-01-20,14
600176,中国巨石,2026-01-20,14
600137,浪莎股份,2026-01-20,14
600526,菲达环保,2026-01-20,14
603926,铁流股份,2026-01-20,14
603987,康德莱,2026-01-20,14
600593,大连圣亚,2026-01-20,14
605268,王力安防,2026-01-20,14
603100,XD川仪股,2026-01-20,14
603816,顾家家居,2026-01-20,14
601579,会稽山,2026-01-20,14
688265,南模生物,2026-01-20,14
603377,ST东时,2026-01-20,14
600423,柳化股份,2026-01-20,14
603658,安图生物,2026-01-20,14
601155,新城控股,2026-01-20,14
603334,丰倍生物,2026-01-20,14
601199,江南水务,2026-01-20,14
601107,四川成渝,2026-01-20,14
688369,致远互联,2026-01-20,14
601015,陕西黑猫,2026-01-20,14
603565,中谷物流,2026-01-20,14
601696,中银证券,2026-01-20,14
601919,中远海控,2026-01-20,14
601568,北元集团,2026-01-20,14
600508,上海能源,2026-01-20,14
600594,益佰制药,2026-01-20,14
600307,酒钢宏兴,2026-01-20,14
600332,白云山,2026-01-20,14
600681,百川能源,2026-01-20,14
601200,上海环境,2026-01-20,14
688501,青达环保,2026-01-20,14
600217,中再资环,2026-01-20,14
600983,惠而浦,2026-01-20,14
600918,中泰证券,2026-01-20,14
600281,华阳新材,2026-01-20,14
600886,国投电力,2026-01-20,14
603477,巨星农牧,2026-01-20,14
601328,交通银行,2026-01-20,14
600500,中化国际,2026-01-20,14
600351,亚宝药业,2026-01-20,14
600235,民丰特纸,2026-01-20,14
600338,西藏珠峰,2026-01-20,14
600527,江南高纤,2026-01-20,14
600109,国金证券,2026-01-20,14
601128,常熟银行,2026-01-20,14
601083,锦江航运,2026-01-20,14
600483,福能股份,2026-01-20,14
600982,宁波能源,2026-01-20,14
603836,海程邦达,2026-01-20,14
603188,亚邦股份,2026-01-20,14
603229,奥翔药业,2026-01-20,14
601456,国联民生,2026-01-20,14
601003,柳钢股份,2026-01-20,14
605006,山东玻纤,2026-01-20,14
603661,恒林股份,2026-01-20,14
600642,申能股份,2026-01-20,14
601608,中信重工,2026-01-20,14
601939,建设银行,2026-01-20,14
688267,中触媒,2026-01-20,14
600917,重庆燃气,2026-01-20,14
600426,华鲁恒升,2026-01-20,14
600704,物产中大,2026-01-20,14
688618,三旺通信,2026-01-20,14
601728,中国电信,2026-01-20,14
601995,中金公司,2026-01-20,14
600482,中国动力,2026-01-20,14
601518,吉林高速,2026-01-20,14
603948,建业股份,2026-01-20,14
603335,迪生力,2026-01-20,14
600548,深高速,2026-01-20,14
688195,腾景科技,2026-01-20,14
600582,天地科技,2026-01-20,14
688123,聚辰股份,2026-01-20,14
601577,长沙银行,2026-01-20,14
688065,凯赛生物,2026-01-20,14
603091,众鑫股份,2026-01-20,14
600507,方大特钢,2026-01-20,14
603880,南卫股份,2026-01-20,14
601058,赛轮轮胎,2026-01-20,14
600183,生益科技,2026-01-20,14
601686,友发集团,2026-01-20,14
600801,华新建材,2026-01-20,14
603231,索宝蛋白,2026-01-20,14
600125,铁龙物流,2026-01-20,14
601818,光大银行,2026-01-20,14
600617,国新能源,2026-01-20,14
600796,钱江生化,2026-01-20,14
603395,红四方,2026-01-20,14
601636,旗滨集团,2026-01-20,14
603081,大丰实业,2026-01-20,14
600664,哈药股份,2026-01-20,14
600928,西安银行,2026-01-20,14
688357,建龙微纳,2026-01-20,14
601188,龙江交通,2026-01-20,14
600051,宁波联合,2026-01-20,14
600035,楚天高速,2026-01-20,14
603406,天富龙,2026-01-20,14
605158,华达新材,2026-01-20,14
603966,法兰泰克,2026-01-20,14
600905,三峡能源,2026-01-20,14
688700,东威科技,2026-01-20,14
688466,金科环境,2026-01-20,14
601607,上海医药,2026-01-20,14
601162,天风证券,2026-01-20,14
603065,宿迁联盛,2026-01-20,14
601065,江盐集团,2026-01-20,14
603052,可川科技,2026-01-20,14
600528,中铁工业,2026-01-20,14
603235,天新药业,2026-01-20,14
601158,重庆水务,2026-01-20,14
600025,华能水电,2026-01-20,14
600369,西南证券,2026-01-20,14
600925,苏能股份,2026-01-20,14
601021,春秋航空,2026-01-20,14
603183,建研院,2026-01-20,14
603080,新疆火炬,2026-01-20,14
603823,百合花,2026-01-20,14
688356,键凯科技,2026-01-20,14
603039,泛微网络,2026-01-20,14
603797,联泰环保,2026-01-20,14
688695,中创股份,2026-01-20,14
688597,煜邦电力,2026-01-20,14
601061,中信金属,2026-01-20,14
688271,联影医疗,2026-01-20,14
605020,永和股份,2026-01-20,14
600787,中储股份,2026-01-20,14
600908,无锡银行,2026-01-20,14
603279,景津装备,2026-01-20,14
603007,*ST花王,2026-01-20,14
603273,天元智能,2026-01-20,14
600739,辽宁成大,2026-01-20,14
603409,汇通控股,2026-01-20,14
605369,拱东医疗,2026-01-20,14
600635,大众公用,2026-01-20,14
603609,禾丰股份,2026-01-20,14
603301,振德医疗,2026-01-20,14
601888,中国中免,2026-01-20,14
600029,南方航空,2026-01-20,14
600690,海尔智家,2026-01-20,14
601990,南京证券,2026-01-20,14
600927,永安期货,2026-01-20,14
601921,浙版传媒,2026-01-20,14
603726,朗迪集团,2026-01-20,14
605296,神农集团,2026-01-20,14
601798,蓝科高新,2026-01-20,14
603028,赛福天,2026-01-20,14
603588,高能环境,2026-01-20,14
603299,苏盐井神,2026-01-20,14
603020,爱普股份,2026-01-20,14
688162,巨一科技,2026-01-20,14
605033,美邦股份,2026-01-20,14
600054,黄山旅游,2026-01-20,14
603041,美思德,2026-01-20,14
603329,上海雅仕,2026-01-20,14
601881,中国银河,2026-01-20,14
688575,亚辉龙,2026-01-20,14
600857,宁波中百,2026-01-20,14
603166,福达股份,2026-01-20,14
688410,山外山,2026-01-20,14
603073,彩蝶实业,2026-01-20,14
603203,快克智能,2026-01-20,14
603180,金牌家居,2026-01-20,14
688363,华熙生物,2026-01-20,14
688167,炬光科技,2026-01-20,14
600900,长江电力,2026-01-20,14
603358,华达科技,2026-01-20,14
688687,凯因科技,2026-01-20,14
605338,巴比食品,2026-01-20,14
688270,臻镭科技,2026-01-20,14
600132,重庆啤酒,2026-01-20,14
603214,爱婴室,2026-01-20,14
601059,信达证券,2026-01-20,14
603648,畅联股份,2026-01-20,14
600169,ST太重,2026-01-20,14
600193,*ST创兴,2026-01-20,14
600575,淮河能源,2026-01-20,14
601033,永兴股份,2026-01-20,14
600883,博闻科技,2026-01-20,14
600379,宝光股份,2026-01-20,14
605389,长龄液压,2026-01-20,14
600261,阳光照明,2026-01-20,14
688571,杭华股份,2026-01-20,14
601236,红塔证券,2026-01-20,14
600543,莫高股份,2026-01-20,14
600368,五洲交通,2026-01-20,14
603700,宁水集团,2026-01-20,14
600279,重庆港,2026-01-20,14
603709,中源家居,2026-01-20,14
600535,天士力,2026-01-20,14
603209,兴通股份,2026-01-20,14
605122,四方新材,2026-01-20,14
688459,哈铁科技,2026-01-20,14
601996,丰林集团,2026-01-20,14
603326,我乐家居,2026-01-20,14
600683,京投发展,2026-01-20,14
601998,中信银行,2026-01-20,14
603309,维力医疗,2026-01-20,14
600020,中原高速,2026-01-20,14
603321,梅轮电梯,2026-01-20,14
600050,中国联通,2026-01-20,14
603323,苏农银行,2026-01-20,14
600396,华电辽能,2026-01-20,14
600790,轻纺城,2026-01-20,14
600674,川投能源,2026-01-20,14
600016,民生银行,2026-01-20,14
601916,浙商银行,2026-01-20,14
600636,*ST国化,2026-01-20,14
601880,辽港股份,2026-01-20,14
600012,皖通高速,2026-01-20,14
600720,中交设计,2026-01-20,14
603048,浙江黎明,2026-01-20,14
600808,马钢股份,2026-01-20,14
600758,辽宁能源,2026-01-20,14
605100,华丰股份,2026-01-20,14
603701,德宏股份,2026-01-20,14
603062,麦加芯彩,2026-01-20,14
603096,新经典,2026-01-20,14
688638,誉辰智能,2026-01-20,14
603901,永创智能,2026-01-20,14
603006,联明股份,2026-01-20,14
603639,海利尔,2026-01-20,14
600884,杉杉股份,2026-01-20,14
603040,新坐标,2026-01-20,14
600099,林海股份,2026-01-20,14
688136,科兴制药,2026-01-20,14
603721,*ST天择,2026-01-20,14
600511,国药股份,2026-01-20,14
688625,呈和科技,2026-01-20,14
603995,甬金股份,2026-01-20,14
603167,渤海轮渡,2026-01-20,14
600356,恒丰纸业,2026-01-20,14
603153,上海建科,2026-01-20,14
688366,昊海生科,2026-01-20,14
688269,凯立新材,2026-01-20,14
603912,佳力图,2026-01-20,14
603129,春风动力,2026-01-20,14
600032,浙江新能,2026-01-20,14
605398,新炬网络,2026-01-20,14
603205,健尔康,2026-01-20,14
600903,贵州燃气,2026-01-20,14
601187,厦门银行,2026-01-20,14
605169,洪通燃气,2026-01-20,14
603071,物产环能,2026-01-20,14
603127,昭衍新药,2026-01-20,14
603060,国检集团,2026-01-20,14
603937,丽岛新材,2026-01-20,14
688325,赛微微电,2026-01-20,14
600864,哈投股份,2026-01-20,14
603116,红蜻蜓,2026-01-20,14
605151,西上海,2026-01-20,14
600456,宝钛股份,2026-01-20,14
603102,百合股份,2026-01-20,14
600901,江苏金租,2026-01-20,14
603559,ST通脉,2026-01-20,14
603291,联合水务,2026-01-20,14
603138,海量数据,2026-01-20,14
605567,春雪食品,2026-01-20,14
603399,永杉锂业,2026-01-20,14
688183,生益电子,2026-01-20,14
688569,铁科轨道,2026-01-20,14
688085,三友医疗,2026-01-20,14
603687,大胜达,2026-01-20,14
600616,金枫酒业,2026-01-20,14
603072,天和磁材,2026-01-20,14
600998,九州通,2026-01-20,14
600053,九鼎投资,2026-01-20,14
600590,泰豪科技,2026-01-20,14
603660,苏州科达,2026-01-20,14
600941,中国移动,2026-01-20,14
688350,富淼科技,2026-01-20,14
600649,城投控股,2026-01-20,14
600265,ST景谷,2026-01-20,14
603908,牧高笛,2026-01-20,14
601066,中信建投,2026-01-20,14
603801,志邦家居,2026-01-20,14
688077,大地熊,2026-01-20,14
600519,贵州茅台,2026-01-20,14
600502,安徽建工,2026-01-20,14
601229,上海银行,2026-01-20,14
603506,南都物业,2026-01-20,14
688370,丛麟科技,2026-01-20,14
600725,云维股份,2026-01-20,14
600129,太极集团,2026-01-20,14
688426,康为世纪,2026-01-20,14
600771,广誉远,2026-01-20,14
688143,长盈通,2026-01-20,14
688186,广大特材,2026-01-20,14
600085,同仁堂,2026-01-20,14
603079,圣达生物,2026-01-20,14
605167,利柏特,2026-01-20,14
688318,财富趋势,2026-01-20,14
601099,太平洋,2026-01-20,14
600605,汇通能源,2026-01-20,14
600792,云煤能源,2026-01-20,14
605277,新亚电子,2026-01-20,14
603608,天创时尚,2026-01-20,14
600037,歌华有线,2026-01-20,14
688076,ST诺泰,2026-01-20,14
600215,派斯林,2026-01-20,14
600300,维维股份,2026-01-20,14
688026,洁特生物,2026-01-20,14
688176,亚虹医药-U,2026-01-20,14
688329,艾隆科技,2026-01-20,14
603310,巍华新材,2026-01-20,14
605208,永茂泰,2026-01-20,14
600873,梅花生物,2026-01-20,14
600648,外高桥,2026-01-20,14
600268,国电南自,2026-01-20,14
600419,天润乳业,2026-01-20,14
603955,大千生态,2026-01-20,14
600155,华创云信,2026-01-20,14
600820,隧道股份,2026-01-20,14
688630,芯碁微装,2026-01-20,14
600048,保利发展,2026-01-20,14
688633,星球石墨,2026-01-20,14
600448,华纺股份,2026-01-20,14
600031,三一重工,2026-01-20,14
603813,*ST原尚,2026-01-20,14
601012,隆基绿能,2026-01-20,14
605077,华康股份,2026-01-20,14
605337,李子园,2026-01-20,14
688069,德林海,2026-01-20,14
601966,玲珑轮胎,2026-01-20,14
600064,南京高科,2026-01-20,14
603889,新澳股份,2026-01-20,14
600079,ST人福,2026-01-20,14
600969,郴电国际,2026-01-20,14
600278,东方创业,2026-01-20,14
603719,良品铺子,2026-01-20,14
601669,中国电建,2026-01-20,14
603082,北自科技,2026-01-20,14
600551,时代出版,2026-01-20,14
605098,行动教育,2026-01-20,14
603577,汇金通,2026-01-20,14
601528,瑞丰银行,2026-01-20,14
603120,肯特催化,2026-01-20,14
603357,设计总院,2026-01-20,14
600305,恒顺醋业,2026-01-20,14
600639,浦东金桥,2026-01-20,14
688425,铁建重工,2026-01-20,14
600168,武汉控股,2026-01-20,14
600223,福瑞达,2026-01-20,14
600726,华电能源,2026-01-20,14
603043,广州酒家,2026-01-20,14
605180,华生科技,2026-01-20,14
600010,包钢股份,2026-01-20,14
688248,南网科技,2026-01-20,14
603379,三美股份,2026-01-20,14
603117,万林物流,2026-01-20,14
688657,浩辰软件,2026-01-20,14
601113,华鼎股份,2026-01-20,14
603707,健友股份,2026-01-20,14
600380,健康元,2026-01-20,14
603137,恒尚节能,2026-01-20,14
605300,佳禾食品,2026-01-20,14
688389,普门科技,2026-01-20,14
688391,钜泉科技,2026-01-20,14
603207,小方制药,2026-01-20,14
603909,建发合诚,2026-01-20,14
688755,汉邦科技,2026-01-20,14
603124,江南新材,2026-01-20,14
688628,优利德,2026-01-20,14
600386,北巴传媒,2026-01-20,14
600979,广安爱众,2026-01-20,14
603213,镇洋发展,2026-01-20,14
603320,迪贝电气,2026-01-20,14
600800,渤海化学,2026-01-20,14
603195,公牛集团,2026-01-20,14
600810,神马股份,2026-01-20,14
600833,第一医药,2026-01-20,14
603086,先达股份,2026-01-20,14
688101,三达膜,2026-01-20,14
600558,大西洋,2026-01-20,14
600600,青岛啤酒,2026-01-20,14
601985,中国核电,2026-01-20,14
688189,南新制药,2026-01-20,14
603587,地素时尚,2026-01-20,14
600803,新奥股份,2026-01-20,14
600661,昂立教育,2026-01-20,14
603916,苏博特,2026-01-20,14
600009,上海机场,2026-01-20,14
603860,中公高科,2026-01-20,14
600249,两面针,2026-01-20,14
603212,赛伍技术,2026-01-20,14
688378,奥来德,2026-01-20,14
603151,邦基科技,2026-01-20,14
600847,万里股份,2026-01-20,14
600708,光明地产,2026-01-20,14
688161,威高骨科,2026-01-20,14
600743,华远控股,2026-01-20,14
603168,莎普爱思,2026-01-20,14
600282,南钢股份,2026-01-20,14
600283,钱江水利,2026-01-20,14
603939,益丰药房,2026-01-20,14
600478,科力远,2026-01-20,14
603237,五芳斋,2026-01-20,14
600894,广日股份,2026-01-20,14
605288,凯迪股份,2026-01-20,14
601956,东贝集团,2026-01-20,14
603530,神马电力,2026-01-20,14
688219,会通股份,2026-01-20,14
600150,中国船舶,2026-01-20,14
600228,*ST返利,2026-01-20,14
600738,丽尚国潮,2026-01-20,14
603866,桃李面包,2026-01-20,14
600578,京能电力,2026-01-20,14
600728,佳都科技,2026-01-20,14
603693,江苏新能,2026-01-20,14
688719,爱科赛博,2026-01-20,14
600889,南京化纤,2026-01-20,14
600665,天地源,2026-01-20,14
601801,皖新传媒,2026-01-20,14
600818,中路股份,2026-01-20,14
601156,东航物流,2026-01-20,14
601928,凤凰传媒,2026-01-20,14
688395,正弦电气,2026-01-20,14
600128,苏豪弘业,2026-01-20,14
600449,宁夏建材,2026-01-20,14
600872,中炬高新,2026-01-20,14
603685,晨丰科技,2026-01-20,14
603599,广信股份,2026-01-20,14
605286,同力天启,2026-01-20,14
688107,安路科技,2026-01-20,14
601016,节能风电,2026-01-20,14
600375,汉马科技,2026-01-20,14
688332,中科蓝讯,2026-01-20,14
603066,音飞储存,2026-01-20,14
605011,杭州热电,2026-01-20,14
600566,济川药业,2026-01-20,14
601890,亚星锚链,2026-01-20,14
605566,福莱蒽特,2026-01-20,14
603938,三孚股份,2026-01-20,14
600295,鄂尔多斯,2026-01-20,14
603285,键邦股份,2026-01-20,14
688517,金冠电气,2026-01-20,14
688111,金山办公,2026-01-20,14
600075,新疆天业,2026-01-20,14
600997,开滦股份,2026-01-20,14
600323,瀚蓝环境,2026-01-20,14
600117,西宁特钢,2026-01-20,14
605500,森林包装,2026-01-20,14
600390,五矿资本,2026-01-20,14
688718,唯赛勃,2026-01-20,14
600853,龙建股份,2026-01-20,14
600887,伊利股份,2026-01-20,14
688599,天合光能,2026-01-20,14
600409,三友化工,2026-01-20,14
688702,盛科通信-U,2026-01-20,14
688233,神工股份,2026-01-20,14
600784,鲁银投资,2026-01-20,14
600063,皖维高新,2026-01-20,14
603027,千禾味业,2026-01-20,14
600529,山东药玻,2026-01-20,14
688156,路德科技,2026-01-20,14
600182,S佳通,2026-01-20,14
603289,泰瑞机器,2026-01-20,14
600561,江西长运,2026-01-20,14
603033,三维股份,2026-01-20,14
603500,祥和实业,2026-01-20,14
688009,中国通号,2026-01-20,14
600713,南京医药,2026-01-20,14
603238,诺邦股份,2026-01-20,14
688579,山大地纬,2026-01-20,14
688041,海光信息,2026-01-20,14
600935,华塑股份,2026-01-20,14
603201,常润股份,2026-01-20,14
601218,吉鑫科技,2026-01-20,14
688004,博汇科技,2026-01-20,14
600782,新钢股份,2026-01-20,14
600004,白云机场,2026-01-20,14
600320,振华重工,2026-01-20,14
600389,江山股份,2026-01-20,14
603055,台华新材,2026-01-20,14
600080,金花股份,2026-01-20,14
688377,迪威尔,2026-01-20,14
600573,惠泉啤酒,2026-01-20,14
600533,栖霞建设,2026-01-20,14
688800,瑞可达,2026-01-20,14
603093,南华期货,2026-01-20,14
600252,中恒集团,2026-01-20,14
603677,奇精机械,2026-01-20,14
600597,光明乳业,2026-01-20,14
603365,水星家纺,2026-01-20,14
603586,金麒麟,2026-01-20,14
601789,宁波建工,2026-01-20,14
600668,尖峰集团,2026-01-20,14
605266,健之佳,2026-01-20,14
600563,法拉电子,2026-01-20,14
688128,中国电研,2026-01-20,14
600095,湘财股份,2026-01-20,14
603107,上海汽配,2026-01-20,14
605186,健麾信息,2026-01-20,14
688055,龙腾光电,2026-01-20,14
601208,东材科技,2026-01-20,14
688193,仁度生物,2026-01-20,14
600892,*ST大晟,2026-01-20,14
600018,上港集团,2026-01-20,14
603999,读者传媒,2026-01-20,14
605339,南侨食品,2026-01-20,14
603551,奥普科技,2026-01-20,14
600007,中国国贸,2026-01-20,14
600258,首旅酒店,2026-01-20,14
688211,中科微至,2026-01-20,14
603128,华贸物流,2026-01-20,14
605068,明新旭腾,2026-01-20,14
603225,新凤鸣,2026-01-20,14
605258,协和电子,2026-01-20,14
600421,*ST华嵘,2026-01-20,14
688198,佰仁医疗,2026-01-20,14
600829,人民同泰,2026-01-20,14
603177,德创环保,2026-01-20,14
600824,益民集团,2026-01-20,14
688048,长光华芯,2026-01-20,14
601233,桐昆股份,2026-01-20,14
603810,丰山集团,2026-01-20,14
600795,国电电力,2026-01-20,14
603868,飞科电器,2026-01-20,14
603511,爱慕股份,2026-01-20,14
600382,广东明珠,2026-01-20,14
600115,中国东航,2026-01-20,14
605303,园林股份,2026-01-20,14
688683,莱尔科技,2026-01-20,14
603757,大元泵业,2026-01-20,14
605259,绿田机械,2026-01-20,14
688095,福昕软件,2026-01-20,14
600191,华资实业,2026-01-20,14
689009,九号公司-WD,2026-01-20,14
605189,富春染织,2026-01-20,14
600981,苏豪汇鸿,2026-01-20,14
600644,乐山电力,2026-01-20,14
688277,天智航-U,2026-01-20,14
600405,动力源,2026-01-20,14
688570,天玛智控,2026-01-20,14
605318,法狮龙,2026-01-20,14
600303,曙光股份,2026-01-20,14
603277,银都股份,2026-01-20,14
603136,天目湖,2026-01-20,14
600130,*ST波导,2026-01-20,14
600072,中船科技,2026-01-20,14
688057,金达莱,2026-01-20,14
603187,海容冷链,2026-01-20,14
603076,乐惠国际,2026-01-20,14
600429,三元股份,2026-01-20,14
603598,引力传媒,2026-01-20,14
605166,聚合顺,2026-01-20,14
601999,出版传媒,2026-01-20,14
603319,XD美湖股,2026-01-20,14
600166,福田汽车,2026-01-20,14
600444,国机通用,2026-01-20,14
601825,沪农商行,2026-01-20,14
601166,兴业银行,2026-01-20,14
605005,合兴股份,2026-01-20,14
603822,ST嘉澳,2026-01-20,14
600660,福耀玻璃,2026-01-20,14
603408,建霖家居,2026-01-20,14
605008,长鸿高科,2026-01-20,14
603288,海天味业,2026-01-20,14
603105,芯能科技,2026-01-20,14
603111,康尼机电,2026-01-20,14
603260,合盛硅业,2026-01-20,14
605222,起帆电缆,2026-01-20,14
603766,隆鑫通用,2026-01-20,14
601963,重庆银行,2026-01-20,14
605016,百龙创园,2026-01-20,14
603389,*ST亚振,2026-01-20,14
600520,三佳科技,2026-01-20,14
600138,中青旅,2026-01-20,14
603600,永艺股份,2026-01-20,14
601222,林洋能源,2026-01-20,14
600516,方大炭素,2026-01-20,14
605555,德昌股份,2026-01-20,14
600521,华海药业,2026-01-20,14
605577,龙版传媒,2026-01-20,14
601026,道生天合,2026-01-20,14
688073,毕得医药,2026-01-20,14
600861,北京人力,2026-01-20,14
603967,中创物流,2026-01-20,14
688093,世华科技,2026-01-20,14
603617,君禾股份,2026-01-20,14
603219,富佳股份,2026-01-20,14
600805,悦达投资,2026-01-20,14
688308,欧科亿,2026-01-20,14
688528,秦川物联,2026-01-20,14
600685,中船防务,2026-01-20,14
688450,光格科技,2026-01-20,14
603605,珀莱雅,2026-01-20,14
600038,中直股份,2026-01-20,14
688699,明微电子,2026-01-20,14
603885,吉祥航空,2026-01-20,14
688479,友车科技,2026-01-20,14
688151,华强科技,2026-01-20,14
603855,华荣股份,2026-01-20,14
688070,纵横股份,2026-01-20,14
600703,三安光电,2026-01-20,14
601216,君正集团,2026-01-20,14
601111,中国国航,2026-01-20,14
603611,诺力股份,2026-01-20,14
600165,ST宁科,2026-01-20,14
600603,广汇物流,2026-01-20,14
688199,久日新材,2026-01-20,14
600033,福建高速,2026-01-20,14
600000,浦发银行,2026-01-20,14
688058,宝兰德,2026-01-20,14
603382,海阳科技,2026-01-20,14
603332,苏州龙杰,2026-01-20,14
688335,复洁科技,2026-01-20,14
601766,中国中车,2026-01-20,14
600692,亚通股份,2026-01-20,14
688056,莱伯泰科,2026-01-20,14
600243,*ST海华,2026-01-20,14
600097,开创国际,2026-01-20,14
688581,安杰思,2026-01-20,14
603418,友升股份,2026-01-20,14
605050,福然德,2026-01-20,14
600741,华域汽车,2026-01-20,14
600809,山西汾酒,2026-01-20,14
603833,欧派家居,2026-01-20,14
603819,神力股份,2026-01-20,14
600211,西藏药业,2026-01-20,14
603960,克来机电,2026-01-20,14
600897,厦门空港,2026-01-20,14
605058,澳弘电子,2026-01-20,14
600101,明星电力,2026-01-20,14
688190,云路股份,2026-01-20,14
688231,隆达股份,2026-01-20,14
600039,四川路桥,2026-01-20,14
688080,映翰通,2026-01-20,14
601588,北辰实业,2026-01-20,14
600422,昆药集团,2026-01-20,14
600834,申通地铁,2026-01-20,14
600620,天宸股份,2026-01-20,14
603929,亚翔集成,2026-01-20,14
688236,春立医疗,2026-01-20,14
600318,新力金融,2026-01-20,14
600133,东湖高新,2026-01-20,14
688060,云涌科技,2026-01-20,14
600608,*ST沪科,2026-01-20,14
603230,内蒙新华,2026-01-20,14
600467,好当家,2026-01-20,14
603817,海峡环保,2026-01-20,14
688558,国盛智科,2026-01-20,14
688046,药康生物,2026-01-20,14
600721,百花医药,2026-01-20,14
601877,正泰电器,2026-01-20,14
603223,恒通股份,2026-01-20,14
600433,冠豪高新,2026-01-20,14
600869,远东股份,2026-01-20,14
688602,康鹏科技,2026-01-20,14
600216,浙江医药,2026-01-20,14
688334,西高院,2026-01-20,14
603118,共进股份,2026-01-20,14
603363,傲农生物,2026-01-20,14
688238,和元生物,2026-01-20,14
603259,药明康德,2026-01-20,14
603228,景旺电子,2026-01-20,14
688169,石头科技,2026-01-20,14
603350,安乃达,2026-01-20,14
688139,海尔生物,2026-01-20,14
603218,日月股份,2026-01-20,14
603210,泰鸿万立,2026-01-20,14
600724,宁波富达,2026-01-20,14
600567,山鹰国际,2026-01-20,14
600753,*ST海钦,2026-01-20,14
600663,陆家嘴,2026-01-20,14
688778,厦钨新能,2026-01-20,14
600229,城市传媒,2026-01-20,14
603198,迎驾贡酒,2026-01-20,14
600757,长江传媒,2026-01-20,14
600830,香溢融通,2026-01-20,14
605069,正和生态,2026-01-20,14
601311,骆驼股份,2026-01-20,14
600745,闻泰科技,2026-01-20,14
688235,百济神州-U,2026-01-20,14
688576,西山科技,2026-01-20,14
688373,盟科药业-U,2026-01-20,14
603618,杭电股份,2026-01-20,14
600218,全柴动力,2026-01-20,14
600710,苏美达,2026-01-20,14
600939,重庆建工,2026-01-20,14
603788,宁波高发,2026-01-20,14
600239,云南城投,2026-01-20,14
605108,同庆楼,2026-01-20,14
688321,微芯生物,2026-01-20,14
600965,福成股份,2026-01-20,14
600560,金自天正,2026-01-20,14
601702,华峰铝业,2026-01-20,14
600148,长春一东,2026-01-20,14
603161,科华控股,2026-01-20,14
603004,鼎龙科技,2026-01-20,14
603199,九华旅游,2026-01-20,14
603317,天味食品,2026-01-20,14
600398,海澜之家,2026-01-20,14
603628,清源股份,2026-01-20,14
603959,百利科技,2026-01-20,14
688330,宏力达,2026-01-20,14
688113,联测科技,2026-01-20,14
688690,纳微科技,2026-01-20,14
601633,长城汽车,2026-01-20,14
605177,东亚药业,2026-01-20,14
600156,华升股份,2026-01-20,14
605168,三人行,2026-01-20,14
600197,伊力特,2026-01-20,14
688355,明志科技,2026-01-20,14
600276,恒瑞医药,2026-01-20,14
600645,中源协和,2026-01-20,14
605009,豪悦护理,2026-01-20,14
600816,建元信托,2026-01-20,14
688449,联芸科技,2026-01-20,14
603261,*ST立航,2026-01-20,14
688130,晶华微,2026-01-20,14
600875,东方电气,2026-01-20,14
688793,倍轻松,2026-01-20,14
603983,丸美生物,2026-01-20,14
688023,安恒信息,2026-01-20,14
603010,万盛股份,2026-01-20,14
600163,中闽能源,2026-01-20,14
688511,*ST天微,2026-01-20,14
600104,上汽集团,2026-01-20,14
600622,光大嘉宝,2026-01-20,14
600643,爱建集团,2026-01-20,14
603185,弘元绿能,2026-01-20,14
600248,陕建股份,2026-01-20,14
603725,天安新材,2026-01-20,14
600763,通策医疗,2026-01-20,14
603330,天洋新材,2026-01-20,14
603986,兆易创新,2026-01-20,14
688207,格灵深瞳,2026-01-20,14
603216,梦天家居,2026-01-20,14
600436,片仔癀,2026-01-20,14
688129,东来技术,2026-01-20,14
603567,珍宝岛,2026-01-20,14
603458,勘设股份,2026-01-20,14
688616,西力科技,2026-01-20,14
688327,云从科技-UW,2026-01-20,14
603717,天域生物,2026-01-20,14
600366,宁波韵升,2026-01-20,14
603489,八方股份,2026-01-20,14
603980,吉华集团,2026-01-20,14
688728,格科微,2026-01-20,14
688518,联赢激光,2026-01-20,14
600463,空港股份,2026-01-20,14
688538,和辉光电-U,2026-01-20,14
603217,元利科技,2026-01-20,14
603699,纽威股份,2026-01-20,14
600587,新华医疗,2026-01-20,14
603779,威龙股份,2026-01-20,14
688184,ST帕瓦,2026-01-20,14
603871,嘉友国际,2026-01-20,14
688720,艾森股份,2026-01-20,14
603097,江苏华辰,2026-01-20,14
600370,三房巷,2026-01-20,14
688432,有研硅,2026-01-20,14
605499,东鹏饮料,2026-01-20,14
600568,ST中珠,2026-01-20,14
603125,常青科技,2026-01-20,14
603580,*ST艾艾,2026-01-20,14
603777,来伊份,2026-01-20,14
688510,航亚科技,2026-01-20,14
603001,奥康国际,2026-01-20,14
600208,衢州发展,2026-01-20,14
600199,金种子酒,2026-01-20,14
601138,工业富联,2026-01-20,14
603355,莱克电气,2026-01-20,14
601968,宝钢包装,2026-01-20,14
688305,科德数控,2026-01-20,14
603376,大明电子,2026-01-20,14
601019,山东出版,2026-01-20,14
603190,亚通精工,2026-01-20,14
688646,ST逸飞,2026-01-20,14
600893,航发动力,2026-01-20,14
601727,上海电气,2026-01-20,14
603202,天有为,2026-01-20,14
600006,东风股份,2026-01-20,14
603327,福蓉科技,2026-01-20,14
603333,尚纬股份,2026-01-20,14
600706,曲江文旅,2026-01-20,14
600292,电投水电,2026-01-20,14
605388,均瑶健康,2026-01-20,14
603825,ST华扬,2026-01-20,14
688059,华锐精密,2026-01-20,14
600233,圆通速递,2026-01-20,14
688109,品茗科技,2026-01-20,14
603022,新通联,2026-01-20,14
688775,影石创新,2026-01-20,14
603121,华培动力,2026-01-20,14
600755,厦门国贸,2026-01-20,14
600335,国机汽车,2026-01-20,14
603590,康辰药业,2026-01-20,14
601717,中创智领,2026-01-20,14
603818,曲美家居,2026-01-20,14
600596,新安股份,2026-01-20,14
603200,上海洗霸,2026-01-20,14
605028,世茂能源,2026-01-20,14
603325,博隆技术,2026-01-20,14
600180,瑞茂通,2026-01-20,14
603290,斯达半导,2026-01-20,14
601098,中南传媒,2026-01-20,14
688707,振华新材,2026-01-20,14
688157,松井股份,2026-01-20,14
603369,今世缘,2026-01-20,14
603529,爱玛科技,2026-01-20,14
605377,华旺科技,2026-01-20,14
688529,豪森智能,2026-01-20,14
600167,联美控股,2026-01-20,14
688768,容知日新,2026-01-20,14
601606,长城军工,2026-01-20,14
600827,百联股份,2026-01-20,14
600060,海信视像,2026-01-20,14
688584,上海合晶,2026-01-20,14
605080,浙江自然,2026-01-20,14
688585,上纬新材,2026-01-20,14
600559,老白干酒,2026-01-20,14
603759,海天股份,2026-01-20,14
603919,金徽酒,2026-01-20,14
688092,爱科科技,2026-01-20,14
688623,双元科技,2026-01-20,14
688563,航材股份,2026-01-20,14
603158,腾龙股份,2026-01-20,14
601882,海天精工,2026-01-20,14
688079,美迪凯,2026-01-20,14
603378,亚士创能,2026-01-20,14
603092,德力佳,2026-01-20,14
600802,福建水泥,2026-01-20,14
605088,冠盛股份,2026-01-20,14
603381,永臻股份,2026-01-20,14
603270,金帝股份,2026-01-20,14
688146,中船特气,2026-01-20,14
605188,国光连锁,2026-01-20,14
600814,杭州解百,2026-01-20,14
600408,安泰集团,2026-01-20,14
600322,津投城开,2026-01-20,14
603886,元祖股份,2026-01-20,14
600679,上海凤凰,2026-01-20,14
600319,亚星化学,2026-01-20,14
603829,洛凯股份,2026-01-20,14
603160,汇顶科技,2026-01-20,14
688795,摩尔线程-U,2026-01-20,14
600081,东风科技,2026-01-20,14
603375,盛景微,2026-01-20,14
688315,诺禾致源,2026-01-20,14
603978,深圳新星,2026-01-20,14
600654,中安科,2026-01-20,14
600273,嘉化能源,2026-01-20,14
688050,爱博医疗,2026-01-20,14
600221,海航控股,2026-01-20,14
601011,宝泰隆,2026-01-20,14
600825,新华传媒,2026-01-20,14
688458,美芯晟,2026-01-20,14
688300,联瑞新材,2026-01-20,14
600715,文投控股,2026-01-20,14
600120,浙江东方,2026-01-20,14
688296,和达科技,2026-01-20,14
688639,华恒生物,2026-01-20,14
688078,龙软科技,2026-01-20,14
688212,澳华内镜,2026-01-20,14
603899,晨光股份,2026-01-20,14
603087,甘李药业,2026-01-20,14
688677,海泰新光,2026-01-20,14
600372,中航机载,2026-01-20,14
688589,力合微,2026-01-20,14
603345,安井食品,2026-01-20,14
688520,神州细胞,2026-01-20,14
603206,嘉环科技,2026-01-20,14
603155,新亚强,2026-01-20,14
688692,达梦数据,2026-01-20,14
600880,博瑞传播,2026-01-20,14
688232,新点软件,2026-01-20,14
688025,杰普特,2026-01-20,14
605298,必得科技,2026-01-20,14
603638,艾迪精密,2026-01-20,14
605123,派克新材,2026-01-20,14
600831,广电网络,2026-01-20,14
601238,广汽集团,2026-01-20,14
603556,海兴电力,2026-01-20,14
688067,爱威科技,2026-01-20,14
600819,耀皮玻璃,2026-01-20,14
603906,龙蟠科技,2026-01-20,14
600628,新世界,2026-01-20,14
603768,常青股份,2026-01-20,14
600187,国中水务,2026-01-20,14
688030,山石网科,2026-01-20,14
688428,诺诚健华-U,2026-01-20,14
600778,友好集团,2026-01-20,14
603173,福斯达,2026-01-20,14
603936,博敏电子,2026-01-20,14
603535,嘉诚国际,2026-01-20,14
605368,蓝天燃气,2026-01-20,14
603595,ST东尼,2026-01-20,14
688689,银河微电,2026-01-20,14
600793,宜宾纸业,2026-01-20,14
600539,狮头股份,2026-01-20,14
600509,天富能源,2026-01-20,14
688197,首药控股-U,2026-01-20,14
603722,阿科力,2026-01-20,14
603383,顶点软件,2026-01-20,14
688177,百奥泰,2026-01-20,14
603589,口子窖,2026-01-20,14
600640,国脉文化,2026-01-20,14
688475,萤石网络,2026-01-20,14
603518,锦泓集团,2026-01-20,14
600113,浙江东日,2026-01-20,14
603956,威派格,2026-01-20,14
688381,帝奥微,2026-01-20,14
603258,电魂网络,2026-01-20,14
688359,三孚新科,2026-01-20,14
601106,中国一重,2026-01-20,14
603863,松炀资源,2026-01-20,14
601598,中国外运,2026-01-20,14
603339,四方科技,2026-01-20,14
603067,振华股份,2026-01-20,14
601992,金隅集团,2026-01-20,14
600373,中文传媒,2026-01-20,14
603826,坤彩科技,2026-01-20,14
600510,黑牡丹,2026-01-20,14
603711,香飘飘,2026-01-20,14
600057,厦门象屿,2026-01-20,14
603324,盛剑科技,2026-01-20,14
603193,润本股份,2026-01-20,14
688112,鼎阳科技,2026-01-20,14
688299,长阳科技,2026-01-20,14
601567,三星医疗,2026-01-20,14
600476,湘邮科技,2026-01-20,14
603280,南方路机,2026-01-20,14
688087,英科再生,2026-01-20,14
688388,嘉元科技,2026-01-20,14
600179,安通控股,2026-01-20,14
688217,睿昂基因,2026-01-20,14
603360,百傲化学,2026-01-20,14
600807,济高发展,2026-01-20,14
600764,中国海防,2026-01-20,14
605055,迎丰股份,2026-01-20,14
688685,迈信林,2026-01-20,14
603313,梦百合,2026-01-20,14
603359,东珠生态,2026-01-20,14
603606,东方电缆,2026-01-20,14
600993,马应龙,2026-01-20,14
601177,杭齿前进,2026-01-20,14
605179,一鸣食品,2026-01-20,14
688659,元琛科技,2026-01-20,14
600959,江苏有线,2026-01-20,14
603170,宝立食品,2026-01-20,14
603456,九洲药业,2026-01-20,14
600071,凤凰光学,2026-01-20,14
603876,鼎胜新材,2026-01-20,14
603429,集友股份,2026-01-20,14
600119,长江投资,2026-01-20,14
600106,重庆路桥,2026-01-20,14
600131,国网信通,2026-01-20,14
603338,浙江鼎力,2026-01-20,14
603989,艾华集团,2026-01-20,14
600486,扬农化工,2026-01-20,14
688178,万德斯,2026-01-20,14
600754,锦江酒店,2026-01-20,14
603194,中力股份,2026-01-20,14
688159,有方科技,2026-01-20,14
688484,南芯科技,2026-01-20,14
600570,恒生电子,2026-01-20,14
603982,泉峰汽车,2026-01-20,14
688548,广钢气体,2026-01-20,14
600653,申华控股,2026-01-20,14
688251,井松智能,2026-01-20,14
688150,莱特光电,2026-01-20,14
600963,岳阳林纸,2026-01-20,14
600876,凯盛新能,2026-01-20,14
600675,中华企业,2026-01-20,14
603893,瑞芯微,2026-01-20,14
600936,北投科技,2026-01-20,14
688082,盛美上海,2026-01-20,14
603927,中科软,2026-01-20,14
688096,京源环保,2026-01-20,14
688220,翱捷科技-U,2026-01-20,14
688266,泽璟制药-U,2026-01-20,14
600178,东安动力,2026-01-20,14
600289,ST信通,2026-01-20,14
600415,小商品城,2026-01-20,14
600162,香江控股,2026-01-20,14
688508,芯朋微,2026-01-20,14
688766,普冉股份,2026-01-20,14
603215,比依股份,2026-01-20,14
600992,贵绳股份,2026-01-20,14
601519,大智慧,2026-01-20,14
600571,信雅达,2026-01-20,14
688371,菲沃泰,2026-01-20,14
688578,艾力斯,2026-01-20,14
601500,通用股份,2026-01-20,14
603300,海南华铁,2026-01-20,14
600666,奥瑞德,2026-01-20,14
603697,有友食品,2026-01-20,14
603109,神驰机电,2026-01-20,14
688016,心脉医疗,2026-01-20,14
603730,岱美股份,2026-01-20,14
688328,深科达,2026-01-20,14
603536,惠发食品,2026-01-20,14
603085,天成自控,2026-01-20,14
688120,华海清科,2026-01-20,14
603390,通达电气,2026-01-20,14
688061,灿瑞科技,2026-01-20,14
603877,太平鸟,2026-01-20,14
688697,纽威数控,2026-01-20,14
603803,瑞斯康达,2026-01-20,14
603031,安孚科技,2026-01-20,14
600383,金地集团,2026-01-20,14
605003,众望布艺,2026-01-20,14
600601,方正科技,2026-01-20,14
603344,星德胜,2026-01-20,14
688512,慧智微-U,2026-01-20,14
605116,奥锐特,2026-01-20,14
600329,达仁堂,2026-01-20,14
600272,开开实业,2026-01-20,14
688100,威胜信息,2026-01-20,14
601086,国芳集团,2026-01-20,14
688256,寒武纪-U,2026-01-20,14
688588,凌志软件,2026-01-20,14
600859,王府井,2026-01-20,14
603069,海汽集团,2026-01-20,14
688519,南亚新材,2026-01-20,14
688401,路维光电,2026-01-20,14
688089,嘉必优,2026-01-20,14
600052,东望时代,2026-01-20,14
603918,金桥信息,2026-01-20,14
603557,ST起步,2026-01-20,14
688013,天臣医疗,2026-01-20,14
603897,长城科技,2026-01-20,14
603879,永悦科技,2026-01-20,14
603607,京华激光,2026-01-20,14
603015,弘讯科技,2026-01-20,14
600657,信达地产,2026-01-20,14
603808,歌力思,2026-01-20,14
688408,中信博,2026-01-20,14
688127,蓝特光学,2026-01-20,14
600702,舍得酒业,2026-01-20,14
600337,美克家居,2026-01-20,14
600588,用友网络,2026-01-20,14
600055,万东医疗,2026-01-20,14
600067,冠城新材,2026-01-20,14
600606,绿地控股,2026-01-20,14
601611,中国核建,2026-01-20,14
603373,安邦护卫,2026-01-20,14
603738,泰晶科技,2026-01-20,14
600732,爱旭股份,2026-01-20,14
688022,瀚川智能,2026-01-20,14
601949,中国出版,2026-01-20,14
600400,红豆股份,2026-01-20,14
688667,菱电电控,2026-01-20,14
600058,五矿发展,2026-01-20,14
605090,九丰能源,2026-01-20,14
688223,晶科能源,2026-01-20,14
603063,禾望电气,2026-01-20,14
688310,迈得医疗,2026-01-20,14
600682,南京新百,2026-01-20,14
603985,恒润股份,2026-01-20,14
603303,得邦照明,2026-01-20,14
601127,赛力斯,2026-01-20,14
603283,赛腾股份,2026-01-20,14
688083,中望软件,2026-01-20,14
601279,英利汽车,2026-01-20,14
605333,沪光股份,2026-01-20,14
601515,衢州东峰,2026-01-20,14
600250,南京商旅,2026-01-20,14
603708,家家悦,2026-01-20,14
600365,ST通葡,2026-01-20,14
600298,安琪酵母,2026-01-20,14
600082,海泰发展,2026-01-20,14
603679,华体科技,2026-01-20,14
603035,常熟汽饰,2026-01-20,14
688293,奥浦迈,2026-01-20,14
688545,兴福电子,2026-01-20,14
600238,*ST椰岛,2026-01-20,14
688273,麦澜德,2026-01-20,14
600234,科新发展,2026-01-20,14
603380,易德龙,2026-01-20,14
600545,卓郎智能,2026-01-20,14
688117,圣诺生物,2026-01-20,14
688787,海天瑞声,2026-01-20,14
688561,奇安信-U,2026-01-20,14
603616,韩建河山,2026-01-20,14
603056,德邦股份,2026-01-20,14
603798,康普顿,2026-01-23,11
603729,龙韵股份,2026-01-23,11
603895,天永智能,2026-01-26,8
600078,澄星股份,2026-01-26,8
603045,福达合金,2026-01-26,8
601869,长飞光纤,2026-01-26,8
600789,鲁抗医药,2026-01-26,8
603191,望变电气,2026-01-26,8
600531,豫光金铅,2026-01-26,8
600916,中国黄金,2026-01-26,8
603958,哈森股份,2026-01-26,8
600791,京能置业,2026-01-26,8
601212,白银有色,2026-01-26,8
603050,科林电气,2026-01-26,8
601168,西部矿业,2026-01-26,8
600489,中金黄金,2026-01-26,8
688158,优刻得-W,2026-01-26,8
688668,鼎通科技,2026-01-26,8
601069,西部黄金,2026-01-26,8
688298,东方生物,2026-01-26,8
601958,金钼股份,2026-01-26,8
688521,芯原股份,2026-01-26,8
600487,亨通光电,2026-01-26,8
603012,创力集团,2026-01-26,8
688485,九州一轨,2026-01-26,8
600761,安徽合力,2026-01-26,8
688480,赛恩斯,2026-01-26,8
600219,南山铝业,2026-01-26,8
688185,康希诺,2026-01-26,8
603619,中曼石油,2026-01-26,8
603366,日出东方,2026-01-26,8
688670,金迪克,2026-01-26,8
600301,华锡有色,2026-01-26,8
688090,瑞松科技,2026-01-26,8
600759,洲际油气,2026-01-26,8
603135,中重科技,2026-01-26,8
603993,洛阳钼业,2026-01-26,8
688108,赛诺医疗,2026-01-26,8
688593,新相微,2026-01-26,8
600549,厦门钨业,2026-01-26,8
688003,天准科技,2026-01-26,8
603637,镇海股份,2026-01-26,8
688110,东芯股份,2026-01-26,8
600961,株冶集团,2026-01-26,8
600777,*ST新潮,2026-01-26,8
605060,联德股份,2026-01-26,8
603499,翔港科技,2026-01-26,8
600141,兴发集团,2026-01-26,8
688759,必贝特-U,2026-01-26,8
600127,金健米业,2026-01-26,8
601101,昊华能源,2026-01-26,8
603706,东方环宇,2026-01-26,8
600189,泉阳泉,2026-01-26,8
603172,万丰股份,2026-01-26,8
600874,创业环保,2026-01-26,8
600111,北方稀土,2026-01-26,8
600812,华北制药,2026-01-26,8
688148,芳源股份,2026-01-26,8
600495,晋西车轴,2026-01-26,8
688180,君实生物-U,2026-01-26,8
600513,联环药业,2026-01-26,8
688010,福光股份,2026-01-26,8
603520,司太立,2026-01-26,8
600019,宝钢股份,2026-01-26,8
600719,大连热电,2026-01-26,8
605183,确成股份,2026-01-26,8
603558,健盛集团,2026-01-26,8
603126,中材节能,2026-01-26,8
600377,宁沪高速,2026-01-26,8
600744,华银电力,2026-01-26,8
603053,成都燃气,2026-01-26,8
600867,通化东宝,2026-01-26,8
603113,金能科技,2026-01-26,8
601009,南京银行,2026-01-26,8
600302,标准股份,2026-01-26,8
600470,六国化工,2026-01-26,8
600354,敦煌种业,2026-01-26,8
605319,无锡振华,2026-01-26,8
601211,国泰海通,2026-01-26,8
600312,平高电气,2026-01-26,8
600572,康恩贝,2026-01-26,8
600970,中材国际,2026-01-26,8
600231,凌钢股份,2026-01-26,8
603070,万控智造,2026-01-26,8
603162,海通发展,2026-01-26,8
601991,大唐发电,2026-01-26,8
603110,东方材料,2026-01-26,8
688739,成大生物,2026-01-26,8
600088,中视传媒,2026-01-26,8
688313,仕佳光子,2026-01-26,8
603227,雪峰科技,2026-01-26,8
688285,高铁电气,2026-01-26,8
601997,贵阳银行,2026-01-26,8
605018,长华集团,2026-01-26,8
600153,建发股份,2026-01-26,8
600505,西昌电力,2026-01-26,8
600439,瑞贝卡,2026-01-26,8
600623,华谊集团,2026-01-26,8
600177,雅戈尔,2026-01-26,8
603507,振江股份,2026-01-26,8
688203,海正生材,2026-01-26,8
600694,大商股份,2026-01-26,8
600579,中化装备,2026-01-26,8
688981,中芯国际,2026-01-26,8
603233,大参林,2026-01-26,8
688192,迪哲医药-U,2026-01-26,8
688001,华兴源创,2026-01-26,8
688116,天奈科技,2026-01-26,8
688601,力芯微,2026-01-26,8
688789,宏华数科,2026-01-26,8
688175,高凌信息,2026-01-26,8
688215,瑞晟智能,2026-01-26,8
688297,中无人机,2026-01-26,8
688358,祥生医疗,2026-01-26,8
688496,清越科技,2026-01-26,8
688600,皖仪科技,2026-01-26,8
601965,中国汽研,2026-01-26,8
600418,江淮汽车,2026-01-26,8
600779,水井坊,2026-01-26,8
688168,安博通,2026-01-26,8
600882,妙可蓝多,2026-01-26,8
600399,抚顺特钢,2026-01-26,8
688259,创耀科技,2026-01-26,8
688031,星环科技-U,2026-01-26,8
603977,国泰集团,2026-01-26,8
688331,荣昌生物,2026-01-26,8
600468,百利电气,2026-01-26,8
688336,三生国健,2026-01-26,8
600662,外服控股,2026-01-26,8
688676,金盘科技,2026-01-26,8
603038,华立股份,2026-01-26,8
605365,立达信,2026-01-26,8
688020,方邦股份,2026-01-26,8
603890,春秋电子,2026-01-26,8
603657,春光科技,2026-01-26,8
600460,士兰微,2026-01-26,8
600438,通威股份,2026-01-26,8
688301,奕瑞科技,2026-01-26,8
600862,中航高科,2026-01-26,8
688188,柏楚电子,2026-01-26,8
603680,今创集团,2026-01-26,8
603933,睿能科技,2026-01-26,8
688488,艾迪药业,2026-01-26,8
600604,市北高新,2026-01-26,8
603466,风语筑,2026-01-26,8
603496,恒为科技,2026-01-26,8
688506,百利天恒,2026-01-26,8
603421,鼎信通讯,2026-01-26,8
688551,科威尔,2026-01-26,8
603156,养元饮品,2026-01-26,8
688367,工大高科,2026-01-26,8
603610,麒盛科技,2026-01-26,8
600707,彩虹股份,2026-01-26,8
600765,中航重机,2026-01-26,8
603005,晶方科技,2026-01-26,8
603068,博通集成,2026-01-26,8
603915,国茂股份,2026-01-26,8
688361,中科飞测,2026-01-26,8
603663,三祥新材,2026-01-26,8
600076,康欣新材,2026-01-26,8
603883,老百姓,2026-01-26,8
600629,华建集团,2026-01-26,8
601718,际华集团,2026-01-26,8
688131,皓元医药,2026-01-26,8
688610,埃科光电,2026-01-26,8
600885,宏发股份,2026-01-26,8
600171,上海贝岭,2026-01-26,8
600536,中国软件,2026-01-26,8
603636,南威软件,2026-01-26,8
603169,兰石重装,2026-01-26,8
688132,邦彦技术,2026-01-26,8
688152,麒麟信安,2026-01-26,8
600416,湘电股份,2026-01-26,8
600697,欧亚集团,2026-01-26,8
688386,泛亚微透,2026-01-26,8
688400,凌云光,2026-01-26,8
600848,上海临港,2026-01-26,8
688036,传音控股,2026-01-26,8
601228,广州港,2026-01-26,8
688349,三一重能,2026-01-26,8
688226,威腾电气,2026-01-26,8
603370,华新精科,2026-01-26,8
600491,龙元建设,2026-01-26,8
688790,昂瑞微-UW,2026-01-26,8
600584,长电科技,2026-01-26,8
600530,交大昂立,2026-01-26,8
688591,泰凌微,2026-01-26,8
688314,康拓医疗,2026-01-26,8
603990,麦迪科技,2026-01-26,8
600671,天目药业,2026-01-26,8
688302,海创药业-U,2026-01-26,8
600637,东方明珠,2026-01-26,8
688021,奥福科技,2026-01-26,8
688213,思特威-W,2026-01-26,8
600103,青山纸业,2026-01-26,8
600186,莲花控股,2026-01-26,8
603896,寿仙谷,2026-01-26,8
601566,九牧王,2026-01-26,8
605588,冠石科技,2026-01-26,8
600843,上工申贝,2026-01-26,8
600498,烽火通信,2026-01-26,8
603322,超讯通信,2026-01-26,8
688222,成都先导,2026-01-26,8
600110,诺德股份,2026-01-26,8
688560,明冠新材,2026-01-26,8
603101,汇嘉时代,2026-01-26,8
688153,唯捷创芯,2026-01-26,8
688456,有研粉材,2026-01-26,8
603266,天龙股份,2026-01-26,8
600333,长春燃气,2026-01-26,8
603197,保隆科技,2026-01-26,8
688091,上海谊众,2026-01-26,8
688038,中科通达,2026-01-26,8
600210,紫江企业,2026-01-26,8
603888,新华网,2026-01-26,8
603026,石大胜华,2026-01-26,8
601700,风范股份,2026-01-26,8
688652,京仪装备,2026-01-26,8
600967,内蒙一机,2026-01-26,8
600207,安彩高科,2026-01-26,8
688553,汇宇制药-W,2026-01-26,8
600576,祥源文旅,2026-01-26,8
603488,展鹏科技,2026-01-26,8
603686,福龙马,2026-01-26,8
603501,豪威集团,2026-01-26,8
688783,西安奕材-U,2026-01-26,8
603666,亿嘉和,2026-01-26,8
600822,上海物贸,2026-01-26,8
688499,利元亨,2026-01-26,8
688567,孚能科技,2026-01-26,8
688531,日联科技,2026-01-26,8
601858,中国科传,2026-01-26,8
688275,万润新能,2026-01-26,8
688209,英集芯,2026-01-26,8
600586,金晶科技,2026-01-26,8
603175,超颖电子,2026-01-26,8
603633,徕木股份,2026-01-26,8
600100,同方股份,2026-01-26,8
600839,四川长虹,2026-01-26,8
600749,西藏旅游,2026-01-26,8
688658,悦康药业,2026-01-26,8
603650,彤程新材,2026-01-26,8
688218,江苏北人,2026-01-26,8
600851,海欣股份,2026-01-26,8
688230,芯导科技,2026-01-26,8
603668,天马科技,2026-01-26,8
688662,富信科技,2026-01-26,8
601900,南方传媒,2026-01-26,8
688788,科思科技,2026-01-26,8
603286,日盈电子,2026-01-26,8
600960,渤海汽车,2026-01-26,8
688252,天德钰,2026-01-26,8
600143,金发科技,2026-01-26,8
688613,奥精医疗,2026-01-26,8
603533,掌阅科技,2026-01-26,8
603776,永安行,2026-01-26,8
601828,美凯龙,2026-01-26,8
688379,华光新材,2026-01-26,8
600619,海立股份,2026-01-26,8
600769,祥龙电业,2026-01-26,8
688225,亚信安全,2026-01-26,8
603602,纵横通信,2026-01-26,8
600611,大众交通,2026-01-26,8
688416,恒烁股份,2026-01-26,8
600284,浦东建设,2026-01-26,8
603221,爱丽家居,2026-01-26,8
600094,大名城,2026-01-26,8
688819,天能股份,2026-01-26,8
603859,能科科技,2026-01-26,8
603008,喜临门,2026-01-26,8
688106,金宏气体,2026-01-26,8
600667,太极实业,2026-01-26,8
603486,科沃斯,2026-01-26,8
688019,安集科技,2026-01-26,8
688798,艾为电子,2026-01-26,8
603665,康隆达,2026-01-26,8
688376,美埃科技,2026-01-26,8
603077,和邦生物,2026-01-26,8
601865,福莱特,2026-01-26,8
688221,前沿生物-U,2026-01-26,8
688577,浙海德曼,2026-01-26,8
605228,神通科技,2026-01-26,8
688348,昱能科技,2026-01-26,8
600684,珠江股份,2026-01-26,8
688478,晶升股份,2026-01-26,8
603150,万朗磁塑,2026-01-26,8
603848,好太太,2026-01-26,8
600515,海南机场,2026-01-26,8
603728,鸣志电器,2026-01-26,8
688012,中微公司,2026-01-26,8
688679,通源环境,2026-01-26,8
600480,凌云股份,2026-01-26,8
688619,罗普特,2026-01-26,8
605136,丽人丽妆,2026-01-26,8
688182,灿勤科技,2026-01-26,8
603032,德新科技,2026-01-26,8
603613,国联股份,2026-01-26,8
688053,ST思科瑞,2026-01-26,8
600288,大恒科技,2026-01-26,8
600756,浪潮软件,2026-01-26,8
600737,中粮糖业,2026-01-26,8
688007,光峰科技,2026-01-26,8
688006,杭可科技,2026-01-26,8
600770,综艺股份,2026-01-26,8
688535,华海诚科,2026-01-26,8
688583,思看科技,2026-01-26,8
603123,翠微股份,2026-01-26,8
688249,晶合集成,2026-01-26,8
603189,网达软件,2026-01-26,8
600203,福日电子,2026-01-26,8
688382,益方生物-U,2026-01-26,8
688409,富创精密,2026-01-26,8
600212,绿能慧充,2026-01-26,8
603208,江山欧派,2026-01-26,8
688309,恒誉环保,2026-01-26,8
688155,先惠技术,2026-01-26,8
603444,吉比特,2026-01-26,8
601133,柏诚股份,2026-01-26,8
605358,立昂微,2026-01-26,8
600698,湖南天雁,2026-01-26,8
688268,华特气体,2026-01-26,8
688565,力源科技,2026-01-26,8
688615,合合信息,2026-01-26,8
688295,中复神鹰,2026-01-26,8
601595,上海电影,2026-01-26,8
688201,信安世纪,2026-01-26,8
603089,正裕工业,2026-01-26,8
688049,炬芯科技,2026-01-26,8
603196,日播时尚,2026-01-26,8
603969,银龙股份,2026-01-26,8
603236,移远通信,2026-01-26,8
688515,裕太微-U,2026-01-26,8
688125,安达智能,2026-01-26,8
688166,博瑞医药,2026-01-26,8
688580,伟思医疗,2026-01-26,8
600797,浙大网新,2026-01-26,8
688353,华盛锂电,2026-01-26,8
688533,上声电子,2026-01-26,8
603186,华正新材,2026-01-26,8
603267,鸿远电子,2026-01-26,8
603192,汇得科技,2026-01-26,8
601360,三六零,2026-01-26,8
603682,锦和商管,2026-01-26,8
688648,中邮科技,2026-01-26,8
600734,实达集团,2026-01-26,8
603023,威帝股份,2026-01-26,8
600315,上海家化,2026-01-26,8
600266,城建发展,2026-01-26,8
688590,新致软件,2026-01-26,8
603579,荣泰健康,2026-01-26,8
600523,贵航股份,2026-01-26,8
600363,联创光电,2026-01-26,8
600895,张江高科,2026-01-26,8
603178,圣龙股份,2026-01-26,8
600773,西藏城投,2026-01-26,8
688173,希荻微,2026-01-26,8
600760,中航沈飞,2026-01-26,8
688165,埃夫特-U,2026-01-26,8
688262,国芯科技,2026-01-26,8
688486,龙迅股份,2026-01-26,8
688227,品高股份,2026-01-26,8
600990,四创电子,2026-01-26,8
600730,中国高科,2026-01-26,8
688017,绿的谐波,2026-01-26,8
600865,百大集团,2026-01-26,8
605128,上海沿浦,2026-01-26,8
688629,华丰科技,2026-01-26,8
600658,电子城,2026-01-26,8
688392,骄成超声,2026-01-26,8
600192,长城电工,2026-01-26,8
600330,天通股份,2026-01-26,8
603416,信捷电气,2026-01-26,8
688678,福立旺,2026-01-26,8
603036,如通股份,2026-01-26,8
600184,光电股份,2026-01-26,8
600858,银座股份,2026-01-26,8
688343,云天励飞-U,2026-01-26,8
688103,国力电子,2026-01-26,8
600815,厦工股份,2026-01-26,8
688500,慧辰股份,2026-01-26,8
600626,申达股份,2026-01-26,8
600580,卧龙电驱,2026-01-26,8
688439,振华风光,2026-01-26,8
603662,柯力传感,2026-01-26,8
688303,大全能源,2026-01-26,8
603596,伯特利,2026-01-26,8
600933,爱柯迪,2026-01-26,8
688721,龙图光罩,2026-01-26,8
688286,敏芯股份,2026-01-26,8
601933,永辉超市,2026-01-26,8
603931,格林达,2026-01-26,8
688147,微导纳米,2026-01-26,8
603000,人民网,2026-01-26,8
605580,恒盛能源,2026-01-26,8
603712,七一二,2026-01-26,8
603667,五洲新春,2026-01-26,8
688114,华大智造,2026-01-26,8
600641,先导基电,2026-01-26,8
688088,虹软科技,2026-01-26,8
688696,极米科技,2026-01-26,8
688708,佳驰科技,2026-01-26,8
601366,利群股份,2026-01-26,8
688617,惠泰医疗,2026-01-26,8
600733,北汽蓝谷,2026-01-26,8
600121,郑州煤电,2026-01-26,8
603058,永吉股份,2026-01-26,8
688290,景业智能,2026-01-26,8
600751,海航科技,2026-01-26,8
688626,翔宇医疗,2026-01-26,8
600699,均胜电子,2026-01-26,8
603059,倍加洁,2026-01-26,8
688620,安凯微,2026-01-26,8
688582,芯动联科,2026-01-26,8
603950,长源东谷,2026-01-26,8
603051,鹿山新材,2026-01-26,8
688716,中研股份,2026-01-26,8
600237,铜峰电子,2026-01-26,8
600678,四川金顶,2026-01-26,8
601778,晶科科技,2026-01-26,8
688522,纳睿雷达,2026-01-26,8
603601,再升科技,2026-01-26,8
688133,泰坦科技,2026-01-26,8
688722,同益中,2026-01-26,8
600599,*ST熊猫,2026-01-26,8
603341,龙旗科技,2026-01-26,8
688385,复旦微电,2026-01-26,8
603615,茶花股份,2026-01-26,8
688608,恒玄科技,2026-01-26,8
603179,新泉股份,2026-01-26,8
603316,诚邦股份,2026-01-26,8
688530,欧莱新材,2026-01-26,8
688018,乐鑫科技,2026-01-26,8
688502,茂莱光学,2026-01-26,8
600996,贵广网络,2026-01-26,8
688711,宏微科技,2026-01-26,8
688435,英方软件,2026-01-26,8
688351,微电生理,2026-01-26,8
688261,东微半导,2026-01-26,8
688320,禾川科技,2026-01-26,8
688246,嘉和美康,2026-01-26,8
600775,南京熊猫,2026-01-26,8
603042,华脉科技,2026-01-26,8
600105,永鼎股份,2026-01-26,8
688072,拓荆科技,2026-01-26,8
600693,东百集团,2026-01-26,8
688272,富吉瑞,2026-01-26,8
603758,秦安股份,2026-01-26,8
688681,科汇股份,2026-01-26,8
688141,杰华特,2026-01-26,8
600378,昊华科技,2026-01-26,8
601616,广电电气,2026-01-26,8
600410,华胜天成,2026-01-26,8
688352,颀中科技,2026-01-26,8
688027,国盾量子,2026-01-26,8
600381,*ST春天,2026-01-26,8
603013,亚普股份,2026-01-26,8
603272,联翔股份,2026-01-26,8
688472,阿特斯,2026-01-26,8
688489,三未信安,2026-01-26,8
603115,海星股份,2026-01-26,8
603278,大业股份,2026-01-26,8
688596,正帆科技,2026-01-26,8
688411,海博思创,2026-01-26,8
688686,奥普特,2026-01-26,8
688179,阿拉丁,2026-01-26,8
688244,永信至诚,2026-01-26,8
600107,ST尔雅,2026-01-26,8
603112,华翔股份,2026-01-26,8
603088,宁波精达,2026-01-26,8
603009,北特科技,2026-01-26,8
603337,杰克科技,2026-01-26,8
600676,交运股份,2026-01-26,8
600650,锦江在线,2026-01-26,8
688660,电气风电,2026-01-26,8
603222,济民健康,2026-01-26,8
601116,三江购物,2026-01-26,8
688206,概伦电子,2026-01-26,8
600114,东睦股份,2026-01-26,8
688122,西部超导,2026-01-26,8
688710,益诺思,2026-01-26,8
688281,华秦科技,2026-01-26,8
688216,气派科技,2026-01-26,8
688237,超卓航科,2026-01-26,8
601399,国机重装,2026-01-26,8
688727,恒坤新材,2026-01-26,8
688513,苑东生物,2026-01-26,8
688543,国科军工,2026-01-26,8
688429,时创能源,2026-01-26,8
603703,盛洋科技,2026-01-26,8
688733,壹石通,2026-01-26,8
688062,迈威生物-U,2026-01-26,8
600257,大湖股份,2026-01-26,8
688598,金博股份,2026-01-26,8
688536,思瑞浦,2026-01-26,8
603688,石英股份,2026-01-26,8
603778,国晟科技,2026-01-26,8
603903,中持股份,2026-01-26,8
603011,合锻智能,2026-01-26,8
600501,航天晨光,2026-01-26,8
688631,莱斯信息,2026-01-26,8
603869,ST智知,2026-01-26,8
688039,当虹科技,2026-01-26,8
603239,浙江仙通,2026-01-26,8
688651,盛邦安全,2026-01-26,8
688772,珠海冠宇,2026-01-26,8
603108,润达医疗,2026-01-26,8
688636,智明达,2026-01-26,8
605133,嵘泰股份,2026-01-26,8
603767,中马传动,2026-01-26,8
603528,多伦科技,2026-01-26,8
603057,紫燕食品,2026-01-26,8
688507,索辰科技,2026-01-26,8
600776,东方通信,2026-01-26,8
688322,奥比中光-UW,2026-01-26,8
688052,纳芯微,2026-01-26,8
688200,华峰测控,2026-01-26,8
603386,骏亚科技,2026-01-26,8
600562,国睿科技,2026-01-26,8
605305,中际联合,2026-01-26,8
600198,大唐电信,2026-01-26,8
600696,*ST岩石,2026-01-26,8
603211,晋拓股份,2026-01-26,8
603928,兴业股份,2026-01-26,8
688586,江航装备,2026-01-26,8
600280,中央商场,2026-01-26,8
688337,普源精电,2026-01-26,8
603716,塞力医疗,2026-01-26,8
600246,万通发展,2026-01-26,8
688255,凯尔达,2026-01-26,8
603809,豪能股份,2026-01-26,8
688071,华依科技,2026-01-26,8
688609,九联科技,2026-01-26,8
601100,恒立液压,2026-01-26,8
603630,拉芳家化,2026-01-26,8
688339,亿华通-U,2026-01-26,8
600577,精达股份,2026-01-26,8
688047,龙芯中科,2026-01-26,8
688306,均普智能,2026-01-26,8
603159,上海亚虹,2026-01-26,8
688005,容百科技,2026-01-26,8
688066,航天宏图,2026-01-26,8
688115,思林杰,2026-01-26,8
600592,龙溪股份,2026-01-26,8
600345,长江通信,2026-01-26,8
688011,新光光电,2026-01-26,8
600850,电科数字,2026-01-26,8
688282,理工导航,2026-01-26,8
688283,坤恒顺维,2026-01-26,8
688037,芯源微,2026-01-26,8
688393,安必平,2026-01-26,8
688360,德马科技,2026-01-26,8
688799,华纳药厂,2026-01-26,8
600271,航天信息,2026-01-26,8
688029,南微医学,2026-01-26,8
688362,甬矽电子,2026-01-26,8
688068,热景生物,2026-01-26,8
688595,芯海科技,2026-01-26,8
688612,威迈斯,2026-01-26,8
688032,禾迈股份,2026-01-26,8
688102,斯瑞新材,2026-01-26,8
688786,悦安新材,2026-01-26,8
600135,乐凯胶片,2026-01-26,8
688669,聚石化学,2026-01-26,8
600506,统一股份,2026-01-26,8
688611,杭州柯林,2026-01-26,8
688118,普元信息,2026-01-26,8
601689,拓普集团,2026-01-26,8
688562,航天软件,2026-01-26,8
688372,伟测科技,2026-01-26,8
600336,澳柯玛,2026-01-26,8
688622,禾信仪器,2026-01-26,8
688383,新益昌,2026-01-26,8
600651,飞乐音响,2026-01-26,8
600774,汉商集团,2026-01-26,8
688621,阳光诺和,2026-01-26,8
603122,合富中国,2026-01-26,8
603226,菲林格尔,2026-01-26,8
688365,光云科技,2026-01-26,8
600879,航天电子,2026-01-26,8
600376,首开股份,2026-01-26,8
603061,金海通,2026-01-26,8
688605,先锋精科,2026-01-26,8
603655,朗博科技,2026-01-26,8
688375,国博电子,2026-01-26,8
688280,精进电动-UW,2026-01-26,8
688307,中润光学,2026-01-26,8
603992,松霖科技,2026-01-26,8
688210,统联精密,2026-01-26,8
605099,共创草坪,2026-01-26,8
688279,峰岹科技,2026-01-26,8
600232,金鹰股份,2026-01-26,8
600828,茂业商业,2026-01-26,8
688603,天承科技,2026-01-26,8
688260,昀冢科技,2026-01-26,8
605155,西大门,2026-01-26,8
688592,司南导航,2026-01-26,8
688691,灿芯股份,2026-01-26,8
688202,美迪西,2026-01-26,8
688033,天宜新材,2026-01-26,8
688228,开普云,2026-01-26,8
600475,华光环能,2026-01-26,8
603269,海鸥股份,2026-01-26,8
688170,德龙激光,2026-01-26,8
688239,航宇科技,2026-01-26,8
603078,江化微,2026-01-26,8
688311,盟升电子,2026-01-26,8
603297,永新光学,2026-01-26,8
688709,成都华微,2026-01-26,8
600158,中体产业,2026-01-26,8
600855,航天长峰,2026-01-26,8
603516,淳中科技,2026-01-26,8
688539,高华科技,2026-01-26,8
688776,国光电气,2026-01-26,8
603131,上海沪工,2026-01-26,8
688160,步科股份,2026-01-26,8
601698,中国卫通,2026-01-26,8
688698,伟创电气,2026-01-26,8
688403,汇成股份,2026-01-26,8
688081,兴图新科,2026-01-26,8
688559,海目星,2026-01-26,8
688135,利扬芯片,2026-01-26,8
688291,金橙子,2026-01-26,8
600391,航发科技,2026-01-26,8
688234,天岳先进,2026-01-26,8
603773,沃格光电,2026-01-26,8
600343,航天动力,2026-01-26,8
603305,旭升集团,2026-01-26,8
600783,鲁信创投,2026-01-26,8
603698,航天工程,2026-01-26,8
603130,云中马,2026-01-26,8
688568,中科星图,2026-01-26,8
688680,海优新材,2026-01-26,8
603232,格尔软件,2026-01-26,8
605255,天普股份,2026-01-26,8
600118,中国卫星,2026-01-26,8
688523,航天环宇,2026-01-26,8
603569,长久物流,2026-01-26,8
600151,航天机电,2026-01-26,8
688552,航天南湖,2026-01-26,8
603786,科博达,2026-01-26,8
603119,浙江荣泰,2026-01-26,8
605299,舒华体育,2026-01-26,8
603815,交建股份,2026-01-26,8
605336,帅丰电器,2026-01-26,8
603696,安记食品,2026-01-26,8
603690,至纯科技,2026-01-26,8
601137,博威合金,2026-01-26,8
600581,八一钢铁,2026-01-26,8
605488,福莱新材,2026-01-26,8
603095,越剑智能,2026-01-26,8
600686,金龙汽车,2026-01-26,8
603037,凯众股份,2026-01-26,8
688292,浩瀚深度,2026-01-26,8
688682,霍莱沃,2026-01-26,8
688556,高测股份,2026-01-26,8
688418,震有科技,2026-01-26,8
688387,信科移动-U,2026-01-26,8
920019,铜冠矿建,2026-01-26,8
920634,新威凌,2026-01-26,8
920575,康乐卫士,2026-01-26,8
920368,连城数控,2026-01-26,8
920729,永顺生物,2026-01-26,8
920046,亿能电力,2026-01-26,8
920471,美邦科技,2026-01-26,8
920493,并行科技,2026-01-26,8
920414,欧普泰,2026-01-26,8
920675,秉扬科技,2026-01-26,8
920367,新赣江,2026-01-26,8
920033,康普化学,2026-01-26,8
920725,惠丰钻石,2026-01-26,8
920160,北矿检测,2026-01-26,8
920009,丹娜生物,2026-01-26,8
920261,一诺威,2026-01-26,8
920099,瑞华技术,2026-01-26,8
920957,汉维科技,2026-01-26,8
920344,三元基因,2026-01-26,8
920792,东和新材,2026-01-26,8
920974,凯大催化,2026-01-26,8
920505,九菱科技,2026-01-26,8
920299,灿能电力,2026-01-26,8
920433,大唐药业,2026-01-26,8
920571,国航远洋,2026-01-26,8
920062,科润智控,2026-01-26,8
920158,长江能科,2026-01-26,8
920230,欧康医药,2026-01-26,8
920262,太湖雪,2026-01-26,8
920266,生物谷,2026-01-26,8
920946,森萱医药,2026-01-26,8
920375,派诺科技,2026-01-26,8
920403,康农种业,2026-01-26,8
920087,秋乐种业,2026-01-26,8
920278,鹿得医疗,2026-01-26,8
920082,方正阀门,2026-01-26,8
920047,诺思兰德,2026-01-26,8
920101,志高机械,2026-01-26,8
920010,凯添燃气,2026-01-26,8
920924,广脉科技,2026-01-26,8
920799,艾融软件,2026-01-26,8
920914,远航精密,2026-01-26,8
920547,无锡晶海,2026-01-26,8
920807,奔朗新材,2026-01-26,8
920405,海希通讯,2026-01-26,8
920017,星昊医药,2026-01-26,8
920184,国源科技,2026-01-26,8
920478,峆一药业,2026-01-26,8
920566,梓橦宫,2026-01-26,8
920970,大禹生物,2026-01-26,8
920735,德源药业,2026-01-26,8
920982,锦波生物,2026-01-26,8
920496,许昌智能,2026-01-26,8
920351,华光源海,2026-01-26,8
920152,昆工科技,2026-01-26,8
920976,视声智能,2026-01-26,8
920108,宏海科技,2026-01-26,8
920061,西磁科技,2026-01-26,8
920068,天工股份,2026-01-26,8
920656,海昇药业,2026-01-26,8
920016,中草香料,2026-01-26,8
920018,宏远股份,2026-01-26,8
920753,天纺标,2026-01-26,8
920866,绿亨科技,2026-01-26,8
920245,威博液压,2026-01-26,8
920263,中航泰达,2026-01-26,8
920304,迪尔化工,2026-01-26,8
920608,丰安股份,2026-01-26,8
920685,新芝生物,2026-01-26,8
920523,德瑞锂电,2026-01-26,8
920080,奥美森,2026-01-26,8
920260,中寰股份,2026-01-26,8
920035,精创电气,2026-01-26,8
920639,晨光电缆,2026-01-26,8
920163,方大新材,2026-01-26,8
920392,佳合科技,2026-01-26,8
920422,润普食品,2026-01-26,8
920185,贝特瑞,2026-01-26,8
920522,纳科诺尔,2026-01-26,8
920896,旺成科技,2026-01-26,8
920694,中裕科技,2026-01-26,8
920112,巴兰仕,2026-01-26,8
920879,基康技术,2026-01-26,8
920066,科拜尔,2026-01-26,8
920132,泰鹏智能,2026-01-26,8
920819,颖泰生物,2026-01-26,8
920679,前进科技,2026-01-26,8
920802,保丽洁,2026-01-26,8
920030,德众汽车,2026-01-26,8
920124,南特科技,2026-01-26,8
920436,大地电气,2026-01-26,8
920000,安徽凤凰,2026-01-26,8
920029,开发科技,2026-01-26,8
920339,恒太照明,2026-01-26,8
920992,中科美菱,2026-01-26,8
920305,*ST云创,2026-01-26,8
920020,泰凯英,2026-01-26,8
920832,齐鲁华信,2026-01-26,8
920419,路斯股份,2026-01-26,8
920118,太湖远大,2026-01-26,8
920014,特瑞斯,2026-01-26,8
920765,美之高,2026-01-26,8
920519,万德股份,2026-01-26,8
920438,戈碧迦,2026-01-26,8
920726,朱老六,2026-01-26,8
920895,花溪科技,2026-01-26,8
920111,聚星科技,2026-01-26,8
920651,天罡股份,2026-01-26,8
920005,鼎佳精密,2026-01-26,8
920149,旭杰科技,2026-01-26,8
920395,朗鸿科技,2026-01-26,8
920556,雅达股份,2026-01-26,8
920855,浙江大农,2026-01-26,8
920689,克莱特,2026-01-26,8
920809,安达科技,2026-01-26,8
920786,骑士乳业,2026-01-26,8
920717,瑞星股份,2026-01-26,8
920003,中诚咨询,2026-01-26,8
920981,晶赛科技,2026-01-26,8
920175,东方碳素,2026-01-26,8
920378,泰德股份,2026-01-26,8
920089,禾昌聚合,2026-01-26,8
920703,广厦环能,2026-01-26,8
920950,迅安科技,2026-01-26,8
920751,惠同新材,2026-01-26,8
920371,欧福蛋业,2026-01-26,8
920418,苏轴股份,2026-01-26,8
920592,华信永道,2026-01-26,8
920037,广信科技,2026-01-26,8
920964,润农节水,2026-01-26,8
920174,五新隧装,2026-01-26,8
920541,铁大科技,2026-01-26,8
920527,夜光明,2026-01-26,8
920599,同力股份,2026-01-26,8
920870,恒进感应,2026-01-26,8
920504,博迅生物,2026-01-26,8
920931,无锡鼎邦,2026-01-26,8
920002,万达轴承,2026-01-26,8
920239,长虹能源,2026-01-26,8
920357,雅葆轩,2026-01-26,8
920876,慧为智能,2026-01-26,8
920925,锦好医疗,2026-01-26,8
920663,明阳科技,2026-01-26,8
920273,一致魔芋,2026-01-26,8
920274,宏裕包材,2026-01-26,8
920719,宁新新材,2026-01-26,8
920593,鼎智科技,2026-01-26,8
920195,三祥科技,2026-01-26,8
920346,威贸电子,2026-01-26,8
920171,志晟信息,2026-01-26,8
920039,国义招标,2026-01-26,8
920370,新安洁,2026-01-26,8
920271,邦德股份,2026-01-26,8
920833,美心翼申,2026-01-26,8
920808,曙光数创,2026-01-26,8
920027,交大铁发,2026-01-26,8
920208,青矩技术,2026-01-26,8
920768,拾比佰,2026-01-26,8
920402,硅烷科技,2026-01-26,8
920275,驱动力,2026-01-26,8
920834,三维装备,2026-01-26,8
920837,华原股份,2026-01-26,8
920701,豪声电子,2026-01-26,8
920394,民士达,2026-01-26,8
920445,龙竹科技,2026-01-26,8
920693,阿为特,2026-01-26,8
920204,沪江材料,2026-01-26,8
920221,易实精密,2026-01-26,8
920145,恒合股份,2026-01-26,8
920060,万源通,2026-01-26,8
920022,世昌股份,2026-01-26,8
920454,同心传动,2026-01-26,8
920106,林泰新材,2026-01-26,8
920781,瑞奇智造,2026-01-26,8
920839,万通液压,2026-01-26,8
920008,成电光信,2026-01-26,8
920242,建邦科技,2026-01-26,8
920110,雷特科技,2026-01-26,8
920690,捷众科技,2026-01-26,8
920971,天马新材,2026-01-26,8
920249,利尔达,2026-01-26,8
920779,武汉蓝电,2026-01-26,8
920058,华洋赛车,2026-01-26,8
920871,派特尔,2026-01-26,8
920720,吉冈精密,2026-01-26,8
920146,华阳变速,2026-01-26,8
920821,则成电子,2026-01-26,8
920225,利通科技,2026-01-26,8
920699,海达尔,2026-01-26,8
920128,胜业电气,2026-01-26,8
920198,微创光电,2026-01-26,8
920578,巨能股份,2026-01-26,8
920826,盖世食品,2026-01-26,8
920580,科创新材,2026-01-26,8
920077,吉林碳谷,2026-01-26,8
920237,力佳科技,2026-01-26,8
920023,田野股份,2026-01-26,8
920662,方盛股份,2026-01-26,8
920508,殷图网联,2026-01-26,8
920553,凯腾精工,2026-01-26,8
920123,芭薇股份,2026-01-26,8
920961,创远信科,2026-01-26,8
920212,智新电子,2026-01-26,8
920932,科达自控,2026-01-26,8
920475,三友科技,2026-01-26,8
920455,汇隆活塞,2026-01-26,8
920284,灵鸽科技,2026-01-26,8
920627,力王股份,2026-01-26,8
920300,辰光医疗,2026-01-26,8
920425,乐创技术,2026-01-26,8
920469,富恒新材,2026-01-26,8
920374,云里物里,2026-01-26,8
920856,浩淼科技,2026-01-26,8
920526,凯华材料,2026-01-26,8
920056,能之光,2026-01-26,8
920026,卓兆点胶,2026-01-26,8
920267,鑫汇科,2026-01-26,8
920001,纬达光电,2026-01-26,8
920223,荣亿精密,2026-01-26,8
920682,球冠电缆,2026-01-26,8
920006,晟楠科技,2026-01-26,8
920429,康比特,2026-01-26,8
920396,常辅股份,2026-01-26,8
920806,云星宇,2026-01-26,8
920098,科隆新材,2026-01-26,8
920015,锦华新材,2026-01-26,8
920509,同惠电子,2026-01-26,8
920415,恒拓开源,2026-01-26,8
920790,联迪信息,2026-01-26,8
920476,海能技术,2026-01-26,8
920906,舜宇精工,2026-01-26,8
920491,奥迪威,2026-01-26,8
920810,春光智能,2026-01-26,8
920985,海泰新能,2026-01-26,8
920021,流金科技,2026-01-26,8
920579,机科股份,2026-01-26,8
920407,驰诚股份,2026-01-26,8
920075,柏星龙,2026-01-26,8
920510,丰光精密,2026-01-26,8
920953,国子软件,2026-01-26,8
920057,百甲科技,2026-01-26,8
920533,骏创科技,2026-01-26,8
920252,天宏锂电,2026-01-26,8
920978,开特股份,2026-01-26,8
920641,格利尔,2026-01-26,8
920090,同辉信息,2026-01-26,8
920873,中设咨询,2026-01-26,8
920892,广咨国际,2026-01-26,8
920100,三协电机,2026-01-26,8
920642,通易航天,2026-01-26,8
920179,凯德石英,2026-01-26,8
920670,数字人,2026-01-26,8
920247,华密新材,2026-01-26,8
920489,佳先股份,2026-01-26,8
920270,天铭科技,2026-01-26,8
920564,天润科技,2026-01-26,8
920570,坤博精工,2026-01-26,8
920857,泓禧科技,2026-01-26,8
920167,同享科技,2026-01-26,8
920706,铁拓机械,2026-01-26,8
920363,莱赛激光,2026-01-26,8
920748,路桥信息,2026-01-26,8
920885,星辰科技,2026-01-26,8
920169,七丰精工,2026-01-26,8
920665,科强股份,2026-01-26,8
920770,艾能聚,2026-01-26,8
920092,汉鑫科技,2026-01-26,8
920190,雷神科技,2026-01-26,8
920207,众诚科技,2026-01-26,8
920091,大鹏工业,2026-01-26,8
920139,华岭股份,2026-01-26,8
920199,倍益康,2026-01-26,8
920007,酉立智能,2026-01-26,8
920640,富士达,2026-01-26,8
920227,美登科技,2026-01-26,8
920576,天力复合,2026-01-26,8
920116,星图测控,2026-01-26,8
920943,优机股份,2026-01-26,8
920427,华维设计,2026-01-26,8
688777,中控技术,2026-01-30,4
688779,五矿新能,2026-01-30,4
688717,艾罗能源,2026-01-30,4
600736,苏州高新,2026-01-30,4
601226,华电科工,2026-01-30,4
603331,百达精工,2026-01-30,4
603132,金徽股份,2026-01-30,4
600589,大位科技,2026-01-30,4
601615,明阳智能,2026-01-30,4
603353,和顺石油,2026-01-30,4
603271,永杰新材,2026-01-30,4
603858,步长制药,2026-01-30,4
600269,赣粤高速,2026-01-30,4
688098,申联生物,2026-01-30,4
600027,华电国际,2026-01-30,4
601868,中国能建,2026-01-30,4
601658,邮储银行,2026-01-30,4
603508,思维列控,2026-01-30,4
600493,凤竹纺织,2026-01-30,4
600327,大东方,2026-01-30,4
600569,安阳钢铁,2026-01-30,4
600512,腾达建设,2026-01-30,4
600866,星湖科技,2026-01-30,4
603368,柳药集团,2026-01-30,4
601333,广深铁路,2026-01-30,4
